SKU,Product Name,Current URL,Current Inventory Quantity,DB Stock Value,Detection,Active,Last Updated
G1870984185,10 Ct Oval Cabochon Rhodolite Garnet Lot Size 8x6 mm,https://www.alphagemstone.com/products/10-ct-oval-cabochon-rhodolite-garnet-lot-size-8x6-mm,0,10,RESET 0->10 (bulk update cluster),true,2026-08-24T05:54:38.141Z
G1449586997,10 Ct Padparadscha Sapphire Lot Size 4.5X5.4 mm Oval AAA Grade,https://www.alphagemstone.com/products/10-ct-padparadscha-sapphire-lot-size-4-5x5-4-mm-oval-aaa-grade,0,10,RESET 0->10 (bulk update cluster),true,2026-08-24T05:54:34.878Z
G1962743393,10 Ct Round Cabochon Garnet Lot Size 10 mm AAA Grade,https://www.alphagemstone.com/products/10-ct-round-cabochon-garnet-lot-size-10-mm-aaa-grade,0,10,RESET 0->10 (bulk update cluster),true,2026-08-24T05:54:38.141Z
G1868457572,10 Ct Round Cabochon Rhodolite Garnet Lot Size 7 mm,https://www.alphagemstone.com/products/10-ct-round-cabochon-rhodolite-garnet-lot-size-7-mm,0,10,RESET 0->10 (bulk update cluster),true,2026-08-24T05:54:34.878Z
G1438126840,10 Ct Twt Golden Sapphire Round 3.5 To 4 mm AAA Grade,https://www.alphagemstone.com/products/10-ct-twt-golden-sapphire-round-3-5-to-4-mm-aaa-grade,0,10,RESET 0->10 (bulk update cluster),true,2026-08-24T05:54:34.878Z
SAL052609004,10 Ct Twt Pear Shape Blue Sapphire A Grade Lot Size 7x5 mm,https://www.alphagemstone.com/products/10-ct-twt-pear-shape-blue-sapphire-a-grade-lot-size-7x5-mm,0,10,RESET 0->10 (bulk update cluster),true,2026-08-24T05:54:44.986Z
G1605066153,10 Ct Twt Round Cabochon Golden Yellow Citrine Lot Size 9 mm,https://www.alphagemstone.com/products/10-ct-twt-round-cabochon-golden-yellow-citrine-lot-size-9-mm,0,10,RESET 0->10 (bulk update cluster),true,2026-08-24T05:54:34.878Z
BLD092412023,10 Ct twt. Princess Cut Blue Diamond Lot size 1-1.8 mm,https://www.alphagemstone.com/products/10-ct-twt-princess-cut-blue-diamond-lot-size-1-1-8-mm,0,10,RESET 0->10 (bulk update cluster),true,2026-08-24T05:54:51.876Z
BLD092412029,10 Ct twt. Princess Cut Blue Diamond Lot size 1.8-2.5 mm,https://www.alphagemstone.com/products/10-ct-twt-princess-cut-blue-diamond-lot-size-1-8-2-5-mm,0,10,RESET 0->10 (bulk update cluster),true,2026-08-24T05:54:51.876Z
G1033054951,10 ct. Oval Amethyst Cabochon Lot Size 14x10 mm,https://www.alphagemstone.com/products/10-ct-oval-amethyst-cabochon-lot-size-14x10-mm,0,10,RESET 0->10 (bulk update cluster),true,2026-08-24T05:54:34.878Z
DLN100412010,10 ct. P/Cut Blue Diamond I1/I2 Clarity Lot Size 1.8-2.5 mm,https://www.alphagemstone.com/products/10-ct-p-cut-blue-diamond-i1-i2-clarity-lot-size-1-8-2-5-mm,0,10,RESET 0->10 (bulk update cluster),true,2026-08-24T05:54:51.876Z
DLN100412005,10 ct. Princess Cut Blue Diamond I1/I2 Clarity Lot Size 1-1.8 mm,https://www.alphagemstone.com/products/10-ct-princess-cut-blue-diamond-i1-i2-clarity-lot-size-1-1-8-mm,0,10,RESET 0->10 (bulk update cluster),true,2026-08-24T05:54:51.876Z
G1628735261,10 ct. Round Amethyst Cabochon Lot Size 9 mm,https://www.alphagemstone.com/products/10-ct-round-amethyst-cabochon-lot-size-9-mm,0,10,RESET 0->10 (bulk update cluster),true,2026-08-24T05:54:34.878Z
SAL052609020,10 Cts Baguette Blue Sapphires A Grade Lot Size 4x2 mm,https://www.alphagemstone.com/products/10-cts-baguette-blue-sapphires-a-grade-lot-size-4x2-mm,0,10,RESET 0->10 (bulk update cluster),true,2026-08-24T05:54:44.986Z
RBL061212006,10 Cts Oval Ruby AA Grade Lot Size 7x5 mm,https://www.alphagemstone.com/products/10-cts-oval-ruby-aa-grade-lot-size-7x5-mm,0,10,RESET 0->10 (bulk update cluster),true,2026-08-24T05:54:51.876Z
I47,10 Cts twt. Canary Diamond Lot size 1.3-3.0mm (0.01-0.10 cts),https://www.alphagemstone.com/products/10-cts-twt-canary-diamond-lot-size-1-3-3-0mm-0-01-0-10-cts,0,10,RESET 0->10 (bulk update cluster),true,2026-08-24T05:54:38.141Z
SAL052609016,10 Cts.Twt. Oval Blue Sapphire A Grade Lot Size 9x7 mm,https://www.alphagemstone.com/products/10-cts-twt-oval-blue-sapphire-a-grade-lot-size-9x7-mm,0,10,RESET 0->10 (bulk update cluster),true,2026-08-24T05:54:44.986Z
MTZ081214002,10 mm Bullet Mystic Quartz 5 Piece Lot in AAA Grade,https://www.alphagemstone.com/products/10-mm-bullet-mystic-quartz-5-piece-lot-in-aaa-grade,0,10,RESET 0->10 (bulk update cluster),true,2026-08-24T05:54:54.372Z
SLC061713224,10 mm Heart Cabochon Citrine AAA Grade 10 pc Lot,https://www.alphagemstone.com/products/10-mm-heart-cabochon-citrine-aaa-grade-10-pc-lot,0,10,RESET 0->10 (bulk update cluster),true,2026-08-24T05:54:54.372Z
SLC061713236,10 mm Heart Cabochon Swiss Blue Topaz AAA Grade 10 pc Lot,https://www.alphagemstone.com/products/10-mm-heart-cabochon-swiss-blue-topaz-aaa-grade-10-pc-lot,0,10,RESET 0->10 (bulk update cluster),true,2026-08-24T05:54:54.372Z
CH06022006012,10 Pieces Cushion Cut Square Green Chrome Diopside in size: 4 mm,https://www.alphagemstone.com/products/10-pieces-cushion-cut-square-green-chrome-diopside-in-size-4-mm,0,10,RESET 0->10 (bulk update cluster),true,2026-08-24T05:54:38.141Z
G1962584198,10.23 Ct Round Cabochon Garnet Lot Size 8 mm AAA Grade,https://www.alphagemstone.com/products/10-23-ct-round-cabochon-garnet-lot-size-8-mm-aaa-grade,0,10,RESET 0->10 (bulk update cluster),true,2026-08-24T05:54:38.141Z
EML052809052,100 Ct Mix Pear Shape Emerald AAA Grade Lot Size 0.25 Ct & Below,https://www.alphagemstone.com/products/100-ct-mix-pear-shape-emerald-aaa-grade-lot-size-0-25-ct-below,0,10,RESET 0->10 (bulk update cluster),true,2026-08-24T05:54:44.986Z
G1449712728,100 Ct Padparadscha Sapphire Lot Size 4x3-5x4 mm Oval AAA Grade,https://www.alphagemstone.com/products/100-ct-padparadscha-sapphire-lot-size-4x3-5x4-mm-oval-aaa-grade,0,10,RESET 0->10 (bulk update cluster),true,2026-08-24T05:54:34.878Z
SL030810004,100 Ct Twt Emerald Cut Golden Sapphire Lot size: 0.25-0.50 ct,https://www.alphagemstone.com/products/100-ct-twt-emerald-cut-golden-sapphire-lot-size-0-25-0-50-ct,0,10,RESET 0->10 (bulk update cluster),true,2026-08-24T05:54:44.986Z
SL030810016,100 Ct Twt Emerald Cut Golden Sapphire Lot size: 0.50-0.75 ct.,https://www.alphagemstone.com/products/100-ct-twt-emerald-cut-golden-sapphire-lot-size-0-50-0-75-ct,0,10,RESET 0->10 (bulk update cluster),true,2026-08-24T05:54:44.986Z
SL030810020,100 Ct Twt Emerald Cut Yellow Sapphire Lot size: 0.50-0.75 ct.,https://www.alphagemstone.com/products/100-ct-twt-emerald-cut-yellow-sapphire-lot-size-0-50-0-75-ct,0,10,RESET 0->10 (bulk update cluster),true,2026-08-24T05:54:44.986Z
G1438581843,100 Ct Twt Golden Sapphire Round 2 To 3 mm AAA Grade,https://www.alphagemstone.com/products/100-ct-twt-golden-sapphire-round-2-to-3-mm-aaa-grade,0,10,RESET 0->10 (bulk update cluster),true,2026-08-24T05:54:34.878Z
SL030810028,100 Ct Twt Round Golden Sapphire Lot size: 4-5 mm,https://www.alphagemstone.com/products/100-ct-twt-round-golden-sapphire-lot-size-4-5-mm,0,10,RESET 0->10 (bulk update cluster),true,2026-08-24T05:54:44.986Z
RBL052809032,100 Cts Mix Oval Ruby AAA Grade Lot Size 0.25 Ct & Below,https://www.alphagemstone.com/products/100-cts-mix-oval-ruby-aaa-grade-lot-size-0-25-ct-below,0,10,RESET 0->10 (bulk update cluster),true,2026-08-24T05:54:44.986Z
RBL052809044,100 Cts Mix Pear Shape Ruby AAA Grade Lot Size 0.25 Ct & Below,https://www.alphagemstone.com/products/100-cts-mix-pear-shape-ruby-aaa-grade-lot-size-0-25-ct-below,0,10,RESET 0->10 (bulk update cluster),true,2026-08-24T05:54:44.986Z
RBL061212010,100 Cts Oval Ruby AA Grade Lot Size 5x3 mm,https://www.alphagemstone.com/products/100-cts-oval-ruby-aa-grade-lot-size-5x3-mm,0,10,RESET 0->10 (bulk update cluster),true,2026-08-24T05:54:51.876Z
RBL061212007,100 Cts Oval Ruby AA Grade Lot Size 6x4 mm,https://www.alphagemstone.com/products/100-cts-oval-ruby-aa-grade-lot-size-6x4-mm,0,10,RESET 0->10 (bulk update cluster),true,2026-08-24T05:54:51.876Z
RBL061212001,100 Cts Oval Ruby AA Grade Lot Size 8x6 mm,https://www.alphagemstone.com/products/100-cts-oval-ruby-aa-grade-lot-size-8x6-mm,0,10,RESET 0->10 (bulk update cluster),true,2026-08-24T05:54:51.876Z
SL030810012,100 Cts Twt. Emerald Cut Padparadscha Sapphire Lot size: 0.25-0.,https://www.alphagemstone.com/products/100-cts-twt-emerald-cut-padparadscha-sapphire-lot-size-0-25-0,0,10,RESET 0->10 (bulk update cluster),true,2026-08-24T05:54:44.986Z
SL030810008,100 Cts Twt. Emerald Cut Yellow Sapphire Lot size: 0.25-0.50 ct,https://www.alphagemstone.com/products/100-cts-twt-emerald-cut-yellow-sapphire-lot-size-0-25-0-50-ct,0,10,RESET 0->10 (bulk update cluster),true,2026-08-24T05:54:44.986Z
SL030810036,100 Cts Twt. Round Padparadscha Sapphire Lot size: 4-5 mm,https://www.alphagemstone.com/products/100-cts-twt-round-padparadscha-sapphire-lot-size-4-5-mm,0,10,RESET 0->10 (bulk update cluster),true,2026-08-24T05:54:44.986Z
G1352335029,100 Cts.Twt.Round Padparadscha Sapphire 2.5-3 mm AA Grade,https://www.alphagemstone.com/products/100-cts-twt-round-padparadscha-sapphire-2-5-3-mm-aa-grade,0,10,RESET 0->10 (bulk update cluster),true,2026-08-24T05:54:34.878Z
CL021609027,1000 Cts twt. Mix Shape Garnet Lot Size 0.50-3 cts,https://www.alphagemstone.com/products/1000-cts-twt-mix-shape-garnet-lot-size-0-50-3-cts,0,10,RESET 0->10 (bulk update cluster),true,2026-08-24T05:54:44.986Z
CL021609029,10000 Cts twt. Mix Shape Garnet Lot Size 2-10 cts,https://www.alphagemstone.com/products/10000-cts-twt-mix-shape-garnet-lot-size-2-10-cts,0,10,RESET 0->10 (bulk update cluster),true,2026-08-24T05:54:44.986Z
CL021609017,10000 Cts twt. Mixed Rainbow Fluorite Lot size 5-30 cts.,https://www.alphagemstone.com/products/10000-cts-twt-mixed-rainbow-fluorite-lot-size-5-30-cts,0,10,RESET 0->10 (bulk update cluster),true,2026-08-24T05:54:44.986Z
CL021609011,10000 Cts twt. Mixed Rose Quartz Lot size (5-20 cts),https://www.alphagemstone.com/products/10000-cts-twt-mixed-rose-quartz-lot-size-5-20-cts,0,10,RESET 0->10 (bulk update cluster),true,2026-08-24T05:54:44.986Z
CL021609001,10000 Cts twt. Mixed Smokey Quartz Lot size (2-20.0 cts),https://www.alphagemstone.com/products/10000-cts-twt-mixed-smokey-quartz-lot-size-2-20-0-cts,0,10,RESET 0->10 (bulk update cluster),true,2026-08-24T05:54:44.986Z
CL021609008,10000 Cts. Laser Cut White Quartz Lot size 5-30 cts.,https://www.alphagemstone.com/products/10000-cts-laser-cut-white-quartz-lot-size-5-30-cts,0,10,RESET 0->10 (bulk update cluster),true,2026-08-24T05:54:44.986Z
SLC061713180,10x7 mm Pear Cabochon Amethyst AAA Grade 10 pc Lot,https://www.alphagemstone.com/products/10x7-mm-pear-cabochon-amethyst-aaa-grade-10-pc-lot,0,10,RESET 0->10 (bulk update cluster),true,2026-08-24T05:54:54.372Z
SLC061713064,10x8 mm Emerald Cut (Baguette) Cabochon Amethyst AAA 10 pc Lot,https://www.alphagemstone.com/products/10x8-mm-emerald-cut-baguette-cabochon-amethyst-aaa-10-pc-lot,0,10,RESET 0->10 (bulk update cluster),true,2026-08-24T05:54:54.372Z
SLC061713052,10x8 mm Emerald Cut (Baguette) Cabochon Garnet AAA 10 pc Lot,https://www.alphagemstone.com/products/10x8-mm-emerald-cut-baguette-cabochon-garnet-aaa-10-pc-lot,0,10,RESET 0->10 (bulk update cluster),true,2026-08-24T05:54:54.372Z
SLC061713070,10x8 mm Emerald Cut (Baguette) Cabochon Rhodolite Garnet AAA 10,https://www.alphagemstone.com/products/10x8-mm-emerald-cut-baguette-cabochon-rhodolite-garnet-aaa-10,0,10,RESET 0->10 (bulk update cluster),true,2026-08-24T05:54:54.372Z
G2052027978,110.40 ct. Round Amethyst Cabochon Lot Size 4 mm,https://www.alphagemstone.com/products/110-40-ct-round-amethyst-cabochon-lot-size-4-mm,0,10,RESET 0->10 (bulk update cluster),true,2026-08-24T05:54:38.141Z
MTZ081214029,12 mm Antique Cushion Azotic Quartz 10 Piece Lot in AAA Grade,https://www.alphagemstone.com/products/12-mm-antique-cushion-azotic-quartz-10-piece-lot-in-aaa-grade,0,10,RESET 0->10 (bulk update cluster),true,2026-08-24T05:54:54.372Z
G1612769760,1238.48 Ct Twt Oval Cabochon Golden Yellow Citrine Lot Size 7x5,https://www.alphagemstone.com/products/1238-48-ct-twt-oval-cabochon-golden-yellow-citrine-lot-size-7x5,0,10,RESET 0->10 (bulk update cluster),true,2026-08-24T05:54:34.878Z
SLC061713188,12x8 mm Pear Cabochon Citrine AAA Grade 10 pc Lot,https://www.alphagemstone.com/products/12x8-mm-pear-cabochon-citrine-aaa-grade-10-pc-lot,0,10,RESET 0->10 (bulk update cluster),true,2026-08-24T05:54:54.372Z
G1613770725,146.66 Ct Oval Cabochon Citrine Lot Size 10x8 mm,https://www.alphagemstone.com/products/146-66-ct-oval-cabochon-citrine-lot-size-10x8-mm,0,10,RESET 0->10 (bulk update cluster),true,2026-08-24T05:54:34.878Z
DRL09282014065,14x10 mm Pear Mystic Peacock Blue Drusy Quartz 10 piece Lot,https://www.alphagemstone.com/products/14x10-mm-pear-mystic-peacock-blue-drusy-quartz-10-piece-lot,0,10,RESET 0->10 (bulk update cluster),true,2026-08-24T05:54:54.372Z
MTZ081214040,15x10 mm Pear Strawberry Quartz 5 Piece Lot in AAA Grade,https://www.alphagemstone.com/products/15x10-mm-pear-strawberry-quartz-5-piece-lot-in-aaa-grade,0,10,RESET 0->10 (bulk update cluster),true,2026-08-24T05:54:54.372Z
G1962785867,16.32 Ct Round Cabochon Garnet 12 mm (Pair) AAA grade,https://www.alphagemstone.com/products/16-32-ct-round-cabochon-garnet-12-mm-pair-aaa-grade,0,10,RESET 0->10 (bulk update cluster),true,2026-08-24T05:54:38.141Z
DRL09282014072,18 mm Antique Cushion Mystic Rainbow Drusy Quartz 5 piece Lot,https://www.alphagemstone.com/products/18-mm-antique-cushion-mystic-rainbow-drusy-quartz-5-piece-lot,0,10,RESET 0->10 (bulk update cluster),true,2026-08-24T05:54:54.372Z
G1613688167,197.18 Ct Oval Cabochon Citrine Lot Size 10x8 mm,https://www.alphagemstone.com/products/197-18-ct-oval-cabochon-citrine-lot-size-10x8-mm,0,10,RESET 0->10 (bulk update cluster),true,2026-08-24T05:54:34.878Z
DLN100412027,2 ct. P/Cut White Diamond I1/I2 Clarity Lot Size 2.5-3.25 mm,https://www.alphagemstone.com/products/2-ct-p-cut-white-diamond-i1-i2-clarity-lot-size-2-5-3-25-mm,0,10,RESET 0->10 (bulk update cluster),true,2026-08-24T05:54:51.876Z
RPL091211085,2 mm Round Faceted Emerald 10 piece Lot A Grade,https://www.alphagemstone.com/products/2-mm-round-faceted-emerald-10-piece-lot-a-grade,0,10,RESET 0->10 (bulk update cluster),true,2026-08-24T05:54:51.876Z
SAL061713052,2 mm Square Orange Sapphire 5 piece Lot,https://www.alphagemstone.com/products/2-mm-square-orange-sapphire-5-piece-lot,0,10,RESET 0->10 (bulk update cluster),true,2026-08-24T05:54:54.372Z
SAL061713047,2 mm Square Yellow Sapphire 5 piece Lot,https://www.alphagemstone.com/products/2-mm-square-yellow-sapphire-5-piece-lot,0,10,RESET 0->10 (bulk update cluster),true,2026-08-24T05:54:54.372Z
RPL091211089,2.5 mm Round Faceted Emerald 25 piece Lot A Grade,https://www.alphagemstone.com/products/2-5-mm-round-faceted-emerald-25-piece-lot-a-grade,0,10,RESET 0->10 (bulk update cluster),true,2026-08-24T05:54:54.372Z
SAL061713031,2.5 mm Round Multi Color Sapphire 10 piece Lot,https://www.alphagemstone.com/products/2-5-mm-round-multi-color-sapphire-10-piece-lot,0,10,RESET 0->10 (bulk update cluster),true,2026-08-24T05:54:54.372Z
SAL061713026,2.5 mm Round Orange Sapphire 10 piece Lot,https://www.alphagemstone.com/products/2-5-mm-round-orange-sapphire-10-piece-lot,0,10,RESET 0->10 (bulk update cluster),true,2026-08-24T05:54:54.372Z
SAL061713066,2.5 mm Round Orange Sapphire 5 piece Lot,https://www.alphagemstone.com/products/2-5-mm-round-orange-sapphire-5-piece-lot,0,10,RESET 0->10 (bulk update cluster),true,2026-08-24T05:54:54.372Z
SAL061713061,2.5 mm Round Yellow Sapphire 5 piece Lot,https://www.alphagemstone.com/products/2-5-mm-round-yellow-sapphire-5-piece-lot,0,10,RESET 0->10 (bulk update cluster),true,2026-08-24T05:54:54.372Z
SAL061713007,2.5 mm Square Orange Sapphire 10 piece Lot,https://www.alphagemstone.com/products/2-5-mm-square-orange-sapphire-10-piece-lot,0,10,RESET 0->10 (bulk update cluster),true,2026-08-24T05:54:54.372Z
SAL061713002,2.5 mm Square Yellow Sapphire 10 piece Lot,https://www.alphagemstone.com/products/2-5-mm-square-yellow-sapphire-10-piece-lot,0,10,RESET 0->10 (bulk update cluster),true,2026-08-24T05:54:54.372Z
SAL061713048,2.5 mm Square Yellow Sapphire 5 piece Lot,https://www.alphagemstone.com/products/2-5-mm-square-yellow-sapphire-5-piece-lot,0,10,RESET 0->10 (bulk update cluster),true,2026-08-24T05:54:54.372Z
SLC061713025,2.5 mm Sugarloaf (Square Cabochon) Garnet AAA Grade 10 pc Lot,https://www.alphagemstone.com/products/2-5-mm-sugarloaf-square-cabochon-garnet-aaa-grade-10-pc-lot,0,10,RESET 0->10 (bulk update cluster),true,2026-08-24T05:54:54.372Z
SLC061713032,2.5 mm Sugarloaf (Square Cabochon) Iolite AAA Grade 10 pc Lot,https://www.alphagemstone.com/products/2-5-mm-sugarloaf-square-cabochon-iolite-aaa-grade-10-pc-lot,0,10,RESET 0->10 (bulk update cluster),true,2026-08-24T05:54:54.372Z
SLC061713001,2.5 mm Sugarloaf (Square Cabochon) Peridot AAA Grade 10 pc Lot,https://www.alphagemstone.com/products/2-5-mm-sugarloaf-square-cabochon-peridot-aaa-grade-10-pc-lot,0,10,RESET 0->10 (bulk update cluster),true,2026-08-24T05:54:54.372Z
SLC061713037,2.5 mm Sugarloaf (Square Cabochon) Rhodolite Garnet AAA Grade 10,https://www.alphagemstone.com/products/2-5-mm-sugarloaf-square-cabochon-rhodolite-garnet-aaa-grade-10,0,10,RESET 0->10 (bulk update cluster),true,2026-08-24T05:54:54.372Z
G1035817495,211.30 Ct Oval Cabochon Amethyst Lot Size 7x5 mm,https://www.alphagemstone.com/products/211-30-ct-oval-cabochon-amethyst-lot-size-7x5-mm,0,10,RESET 0->10 (bulk update cluster),true,2026-08-24T05:54:34.878Z
DRL09282014038,22 mm Round Mystic Green Drusy Quartz 10 piece Lot,https://www.alphagemstone.com/products/22-mm-round-mystic-green-drusy-quartz-10-piece-lot,0,10,RESET 0->10 (bulk update cluster),true,2026-08-24T05:54:54.372Z
G1035583872,224.46 Ct Oval Cabochon Amethyst Lot Size Oval 8x6 mm,https://www.alphagemstone.com/products/224-46-ct-oval-cabochon-amethyst-lot-size-oval-8x6-mm,0,10,RESET 0->10 (bulk update cluster),true,2026-08-24T05:54:34.878Z
G1871091464,228.14 ct Twt 9x7 mm Oval Cabochon Rhodolite Garnet Lot,https://www.alphagemstone.com/products/228-14-ct-twt-9x7-mm-oval-cabochon-rhodolite-garnet-lot,0,10,RESET 0->10 (bulk update cluster),true,2026-08-24T05:54:38.141Z
G2052566812,229.09 ct. Round Amethyst Cabochon Lot Size 7 mm,https://www.alphagemstone.com/products/229-09-ct-round-amethyst-cabochon-lot-size-7-mm,0,10,RESET 0->10 (bulk update cluster),true,2026-08-24T05:54:38.141Z
G1033257215,24.08 ct. Oval Amethyst Cabochon Lot Size 12x10 mm,https://www.alphagemstone.com/products/24-08-ct-oval-amethyst-cabochon-lot-size-12x10-mm,0,10,RESET 0->10 (bulk update cluster),true,2026-08-24T05:54:34.878Z
G2052091055,240.58 ct. Round Amethyst Cabochon Lot Size 5 mm,https://www.alphagemstone.com/products/240-58-ct-round-amethyst-cabochon-lot-size-5-mm,0,10,RESET 0->10 (bulk update cluster),true,2026-08-24T05:54:38.141Z
G1036394306,249.67 Ct Oval Cabochon Amethyst Lot Size 6x4 mm,https://www.alphagemstone.com/products/249-67-ct-oval-cabochon-amethyst-lot-size-6x4-mm,0,10,RESET 0->10 (bulk update cluster),true,2026-08-24T05:54:34.878Z
RBL061212011,25 Cts Oval Ruby AA Grade Lot Size 5x3 mm,https://www.alphagemstone.com/products/25-cts-oval-ruby-aa-grade-lot-size-5x3-mm,0,10,RESET 0->10 (bulk update cluster),true,2026-08-24T05:54:51.876Z
RBL061212008,25 Cts Oval Ruby AA Grade Lot Size 6x4 mm,https://www.alphagemstone.com/products/25-cts-oval-ruby-aa-grade-lot-size-6x4-mm,0,10,RESET 0->10 (bulk update cluster),true,2026-08-24T05:54:51.876Z
RBL061212005,25 Cts Oval Ruby AA Grade Lot Size 7x5 mm,https://www.alphagemstone.com/products/25-cts-oval-ruby-aa-grade-lot-size-7x5-mm,0,10,RESET 0->10 (bulk update cluster),true,2026-08-24T05:54:51.876Z
G1613749767,250.50 Ct Oval Cabochon Citrine Lot Size 10x8 mm,https://www.alphagemstone.com/products/250-50-ct-oval-cabochon-citrine-lot-size-10x8-mm,0,10,RESET 0->10 (bulk update cluster),true,2026-08-24T05:54:34.878Z
G1628896798,251.80 ct. Round Amethyst Cabochon Lot Size 9 mm,https://www.alphagemstone.com/products/251-80-ct-round-amethyst-cabochon-lot-size-9-mm,0,10,RESET 0->10 (bulk update cluster),true,2026-08-24T05:54:34.878Z
G1036468531,261.23 Ct Oval Cabochon Amethyst Lot Size 6x4 mm,https://www.alphagemstone.com/products/261-23-ct-oval-cabochon-amethyst-lot-size-6x4-mm,0,10,RESET 0->10 (bulk update cluster),true,2026-08-24T05:54:34.878Z
G1868104874,262.77 Ct Round Cabochon Rhodolite Garnet Lot Size 5 mm,https://www.alphagemstone.com/products/262-77-ct-round-cabochon-rhodolite-garnet-lot-size-5-mm,0,10,RESET 0->10 (bulk update cluster),true,2026-08-24T05:54:34.878Z
G1035345558,280.92 Ct Oval Cabochon Amethyst Lot Size 8x6 mm,https://www.alphagemstone.com/products/280-92-ct-oval-cabochon-amethyst-lot-size-8x6-mm,0,10,RESET 0->10 (bulk update cluster),true,2026-08-24T05:54:34.878Z
G1871253556,284.05 Ct Oval Cabochon Rhodolite Garnet Lot Size 10x8 mm,https://www.alphagemstone.com/products/284-05-ct-oval-cabochon-rhodolite-garnet-lot-size-10x8-mm,0,10,RESET 0->10 (bulk update cluster),true,2026-08-24T05:54:38.141Z
G1962353907,294.62 Ct Round Cabochon Garnet Lot Size 7 mm AAA grade,https://www.alphagemstone.com/products/294-62-ct-round-cabochon-garnet-lot-size-7-mm-aaa-grade,0,10,RESET 0->10 (bulk update cluster),true,2026-08-24T05:54:38.141Z
G1870735131,295.20 Ct Oval Cabochon Rhodolite Garnet Lot size 7x5 mm,https://www.alphagemstone.com/products/295-20-ct-oval-cabochon-rhodolite-garnet-lot-size-7x5-mm,0,10,RESET 0->10 (bulk update cluster),true,2026-08-24T05:54:38.141Z
G1033629477,298.20 Ct Oval Cabochon Amethyst Lot Size 9x7 mm,https://www.alphagemstone.com/products/298-20-ct-oval-cabochon-amethyst-lot-size-9x7-mm,0,10,RESET 0->10 (bulk update cluster),true,2026-08-24T05:54:34.878Z
DIA031910010,3 Ct Twt Round Cognac Red Diamond I2/I3 Clarity in Size 3-4 mm,https://www.alphagemstone.com/products/3-ct-twt-round-cognac-red-diamond-i2-i3-clarity-in-size-3-4-mm,0,10,RESET 0->10 (bulk update cluster),true,2026-08-24T05:54:44.986Z
DIA031910019,3 Ct Twt Round Yellow Diamond I2/I3 Clarity in Size 3-4 mm,https://www.alphagemstone.com/products/3-ct-twt-round-yellow-diamond-i2-i3-clarity-in-size-3-4-mm,0,10,RESET 0->10 (bulk update cluster),true,2026-08-24T05:54:44.986Z
BLD092412033,3 Ct twt. Princess Cut Blue Diamond Lot size 2.5-3.25 mm,https://www.alphagemstone.com/products/3-ct-twt-princess-cut-blue-diamond-lot-size-2-5-3-25-mm,0,10,RESET 0->10 (bulk update cluster),true,2026-08-24T05:54:51.876Z
DLN100412013,3 ct. P/Cut Blue Diamond I1/I2 Clarity Lot Size 2.5-3.25 mm,https://www.alphagemstone.com/products/3-ct-p-cut-blue-diamond-i1-i2-clarity-lot-size-2-5-3-25-mm,0,10,RESET 0->10 (bulk update cluster),true,2026-08-24T05:54:51.876Z
DLN100412104,3 ct. Round Blue Diamond I2/I3 Clarity Lot Size 1-3 mm,https://www.alphagemstone.com/products/3-ct-round-blue-diamond-i2-i3-clarity-lot-size-1-3-mm,0,10,RESET 0->10 (bulk update cluster),true,2026-08-24T05:54:51.876Z
SLC061713213,3 mm Heart Cabochon Amethyst AAA Grade 10 pc Lot,https://www.alphagemstone.com/products/3-mm-heart-cabochon-amethyst-aaa-grade-10-pc-lot,0,10,RESET 0->10 (bulk update cluster),true,2026-08-24T05:54:54.372Z
SLC061713218,3 mm Heart Cabochon Citrine AAA Grade 10 pc Lot,https://www.alphagemstone.com/products/3-mm-heart-cabochon-citrine-aaa-grade-10-pc-lot,0,10,RESET 0->10 (bulk update cluster),true,2026-08-24T05:54:54.372Z
SLC061713225,3 mm Heart Cabochon Garnet AAA Grade 10 pc Lot,https://www.alphagemstone.com/products/3-mm-heart-cabochon-garnet-aaa-grade-10-pc-lot,0,10,RESET 0->10 (bulk update cluster),true,2026-08-24T05:54:54.372Z
SAL061713071,3 mm Round Multi Color Sapphire 5 piece Lot,https://www.alphagemstone.com/products/3-mm-round-multi-color-sapphire-5-piece-lot,0,10,RESET 0->10 (bulk update cluster),true,2026-08-24T05:54:54.372Z
SAL061713027,3 mm Round Orange Sapphire 10 piece Lot,https://www.alphagemstone.com/products/3-mm-round-orange-sapphire-10-piece-lot,0,10,RESET 0->10 (bulk update cluster),true,2026-08-24T05:54:54.372Z
SAL061713022,3 mm Round Yellow Sapphire 10 piece Lot,https://www.alphagemstone.com/products/3-mm-round-yellow-sapphire-10-piece-lot,0,10,RESET 0->10 (bulk update cluster),true,2026-08-24T05:54:54.372Z
SAL061713062,3 mm Round Yellow Sapphire 5 piece Lot,https://www.alphagemstone.com/products/3-mm-round-yellow-sapphire-5-piece-lot,0,10,RESET 0->10 (bulk update cluster),true,2026-08-24T05:54:54.372Z
SAL061713013,3 mm Square Multi Color Sapphire 10 piece Lot,https://www.alphagemstone.com/products/3-mm-square-multi-color-sapphire-10-piece-lot,0,10,RESET 0->10 (bulk update cluster),true,2026-08-24T05:54:54.372Z
SAL061713058,3 mm Square Multi Color Sapphire 5 piece Lot,https://www.alphagemstone.com/products/3-mm-square-multi-color-sapphire-5-piece-lot,0,10,RESET 0->10 (bulk update cluster),true,2026-08-24T05:54:54.372Z
SAL061713054,3 mm Square Orange Sapphire 5 piece Lot,https://www.alphagemstone.com/products/3-mm-square-orange-sapphire-5-piece-lot,0,10,RESET 0->10 (bulk update cluster),true,2026-08-24T05:54:54.372Z
SAL061713049,3 mm Square Yellow Sapphire 5 piece Lot,https://www.alphagemstone.com/products/3-mm-square-yellow-sapphire-5-piece-lot,0,10,RESET 0->10 (bulk update cluster),true,2026-08-24T05:54:54.372Z
SLC061713017,3 mm Sugarloaf (Square Cabochon) Amethyst AAA Grade 10 pc Lot,https://www.alphagemstone.com/products/3-mm-sugarloaf-square-cabochon-amethyst-aaa-grade-10-pc-lot,0,10,RESET 0->10 (bulk update cluster),true,2026-08-24T05:54:54.372Z
SLC061713008,3 mm Sugarloaf (Square Cabochon) Citrine AAA Grade 10 pc Lot,https://www.alphagemstone.com/products/3-mm-sugarloaf-square-cabochon-citrine-aaa-grade-10-pc-lot,0,10,RESET 0->10 (bulk update cluster),true,2026-08-24T05:54:54.372Z
SLC061713026,3 mm Sugarloaf (Square Cabochon) Garnet AAA Grade 10 pc Lot,https://www.alphagemstone.com/products/3-mm-sugarloaf-square-cabochon-garnet-aaa-grade-10-pc-lot,0,10,RESET 0->10 (bulk update cluster),true,2026-08-24T05:54:54.372Z
SLC061713033,3 mm Sugarloaf (Square Cabochon) Iolite AAA Grade 10 pc Lot,https://www.alphagemstone.com/products/3-mm-sugarloaf-square-cabochon-iolite-aaa-grade-10-pc-lot,0,10,RESET 0->10 (bulk update cluster),true,2026-08-24T05:54:54.372Z
SLC061713002,3 mm Sugarloaf (Square Cabochon) Peridot AAA Grade 10 pc Lot,https://www.alphagemstone.com/products/3-mm-sugarloaf-square-cabochon-peridot-aaa-grade-10-pc-lot,0,10,RESET 0->10 (bulk update cluster),true,2026-08-24T05:54:54.372Z
SLC061713038,3 mm Sugarloaf (Square Cabochon) Rhodolite Garnet AAA Grade 10 p,https://www.alphagemstone.com/products/3-mm-sugarloaf-square-cabochon-rhodolite-garnet-aaa-grade-10-p,0,10,RESET 0->10 (bulk update cluster),true,2026-08-24T05:54:54.372Z
SLC061713085,3 mm Trillion Cabochon Amethyst AAA Grade 10 pc Lot,https://www.alphagemstone.com/products/3-mm-trillion-cabochon-amethyst-aaa-grade-10-pc-lot,0,10,RESET 0->10 (bulk update cluster),true,2026-08-24T05:54:54.372Z
SLC061713092,3 mm Trillion Cabochon Citrine AAA Grade 10 pc Lot,https://www.alphagemstone.com/products/3-mm-trillion-cabochon-citrine-aaa-grade-10-pc-lot,0,10,RESET 0->10 (bulk update cluster),true,2026-08-24T05:54:54.372Z
SLC061713078,3 mm Trillion Cabochon Garnet AAA Grade 10 pc Lot,https://www.alphagemstone.com/products/3-mm-trillion-cabochon-garnet-aaa-grade-10-pc-lot,0,10,RESET 0->10 (bulk update cluster),true,2026-08-24T05:54:54.372Z
SLC061713118,3 mm Trillion Cabochon Peridot AAA Grade 10 pc Lot,https://www.alphagemstone.com/products/3-mm-trillion-cabochon-peridot-aaa-grade-10-pc-lot,0,10,RESET 0->10 (bulk update cluster),true,2026-08-24T05:54:54.372Z
SLC061713100,3 mm Trillion Cabochon Rhodolite Garnet AAA Grade 10 pc Lot,https://www.alphagemstone.com/products/3-mm-trillion-cabochon-rhodolite-garnet-aaa-grade-10-pc-lot,0,10,RESET 0->10 (bulk update cluster),true,2026-08-24T05:54:54.372Z
SLC061713114,3 mm Trillion Cabochon Swiss Blue Topaz AAA Grade 10 pc Lot,https://www.alphagemstone.com/products/3-mm-trillion-cabochon-swiss-blue-topaz-aaa-grade-10-pc-lot,0,10,RESET 0->10 (bulk update cluster),true,2026-08-24T05:54:54.372Z
SLC061713134,3.5 mm Bullet Cabochon Amethyst AAA Grade 10 pc Lot,https://www.alphagemstone.com/products/3-5-mm-bullet-cabochon-amethyst-aaa-grade-10-pc-lot,0,10,RESET 0->10 (bulk update cluster),true,2026-08-24T05:54:54.372Z
SLC061713152,3.5 mm Bullet Cabochon Rhodolite Garnet AAA Grade 10 pc Lot,https://www.alphagemstone.com/products/3-5-mm-bullet-cabochon-rhodolite-garnet-aaa-grade-10-pc-lot,0,10,RESET 0->10 (bulk update cluster),true,2026-08-24T05:54:54.372Z
SAL061713028,3.5 mm Round Orange Sapphire 10 piece Lot,https://www.alphagemstone.com/products/3-5-mm-round-orange-sapphire-10-piece-lot,0,10,RESET 0->10 (bulk update cluster),true,2026-08-24T05:54:54.372Z
SAL061713068,3.5 mm Round Orange Sapphire 5 piece Lot,https://www.alphagemstone.com/products/3-5-mm-round-orange-sapphire-5-piece-lot,0,10,RESET 0->10 (bulk update cluster),true,2026-08-24T05:54:54.372Z
SAL061713023,3.5 mm Round Yellow Sapphire 10 piece Lot,https://www.alphagemstone.com/products/3-5-mm-round-yellow-sapphire-10-piece-lot,0,10,RESET 0->10 (bulk update cluster),true,2026-08-24T05:54:54.372Z
SAL061713063,3.5 mm Round Yellow Sapphire 5 piece Lot,https://www.alphagemstone.com/products/3-5-mm-round-yellow-sapphire-5-piece-lot,0,10,RESET 0->10 (bulk update cluster),true,2026-08-24T05:54:54.372Z
SAL061713059,3.5 mm Square Multi Color Sapphire 5 piece Lot,https://www.alphagemstone.com/products/3-5-mm-square-multi-color-sapphire-5-piece-lot,0,10,RESET 0->10 (bulk update cluster),true,2026-08-24T05:54:54.372Z
SAL061713009,3.5 mm Square Orange Sapphire 10 piece Lot,https://www.alphagemstone.com/products/3-5-mm-square-orange-sapphire-10-piece-lot,0,10,RESET 0->10 (bulk update cluster),true,2026-08-24T05:54:54.372Z
SAL061713055,3.5 mm Square Orange Sapphire 5 piece Lot,https://www.alphagemstone.com/products/3-5-mm-square-orange-sapphire-5-piece-lot,0,10,RESET 0->10 (bulk update cluster),true,2026-08-24T05:54:54.372Z
SAL061713004,3.5 mm Square Yellow Sapphire 10 piece Lot,https://www.alphagemstone.com/products/3-5-mm-square-yellow-sapphire-10-piece-lot,0,10,RESET 0->10 (bulk update cluster),true,2026-08-24T05:54:54.372Z
SAL061713050,3.5 mm Square Yellow Sapphire 5 piece Lot,https://www.alphagemstone.com/products/3-5-mm-square-yellow-sapphire-5-piece-lot,0,10,RESET 0->10 (bulk update cluster),true,2026-08-24T05:54:54.372Z
SLC061713018,3.5 mm Sugarloaf (Square Cabochon) Amethyst AAA Grade 10 pc Lot,https://www.alphagemstone.com/products/3-5-mm-sugarloaf-square-cabochon-amethyst-aaa-grade-10-pc-lot,0,10,RESET 0->10 (bulk update cluster),true,2026-08-24T05:54:54.372Z
SLC061713009,3.5 mm Sugarloaf (Square Cabochon) Citrine AAA Grade 10 pc Lot,https://www.alphagemstone.com/products/3-5-mm-sugarloaf-square-cabochon-citrine-aaa-grade-10-pc-lot,0,10,RESET 0->10 (bulk update cluster),true,2026-08-24T05:54:54.372Z
SLC061713027,3.5 mm Sugarloaf (Square Cabochon) Garnet AAA Grade 10 pc Lot,https://www.alphagemstone.com/products/3-5-mm-sugarloaf-square-cabochon-garnet-aaa-grade-10-pc-lot,0,10,RESET 0->10 (bulk update cluster),true,2026-08-24T05:54:54.372Z
SLC061713034,3.5 mm Sugarloaf (Square Cabochon) Iolite AAA Grade 10 pc Lot,https://www.alphagemstone.com/products/3-5-mm-sugarloaf-square-cabochon-iolite-aaa-grade-10-pc-lot,0,10,RESET 0->10 (bulk update cluster),true,2026-08-24T05:54:54.372Z
SLC061713003,3.5 mm Sugarloaf (Square Cabochon) Peridot AAA Grade 10 pc Lot,https://www.alphagemstone.com/products/3-5-mm-sugarloaf-square-cabochon-peridot-aaa-grade-10-pc-lot,0,10,RESET 0->10 (bulk update cluster),true,2026-08-24T05:54:54.372Z
SLC061713039,3.5 mm Sugarloaf (Square Cabochon) Rhodolite Garnet AAA Grade 10,https://www.alphagemstone.com/products/3-5-mm-sugarloaf-square-cabochon-rhodolite-garnet-aaa-grade-10,0,10,RESET 0->10 (bulk update cluster),true,2026-08-24T05:54:54.372Z
G1870782101,305.30 Ct Oval Cabochon Rhodolite Garnet Lot Size 7x5 mm,https://www.alphagemstone.com/products/305-30-ct-oval-cabochon-rhodolite-garnet-lot-size-7x5-mm,0,10,RESET 0->10 (bulk update cluster),true,2026-08-24T05:54:38.141Z
DRL09282014002,30x20 mm Oval Mystic Dark Grey Drusy Quartz 10 piece Lot,https://www.alphagemstone.com/products/30x20-mm-oval-mystic-dark-grey-drusy-quartz-10-piece-lot,0,10,RESET 0->10 (bulk update cluster),true,2026-08-24T05:54:54.372Z
G1613784222,331.20 Ct Oval Cabochon Citrine Lot Size 10x8 mm,https://www.alphagemstone.com/products/331-20-ct-oval-cabochon-citrine-lot-size-10x8-mm,0,10,RESET 0->10 (bulk update cluster),true,2026-08-24T05:54:34.878Z
G1035796502,337.22 Ct Oval Cabochon Amethyst Lot Size 7x5 mm,https://www.alphagemstone.com/products/337-22-ct-oval-cabochon-amethyst-lot-size-7x5-mm,0,10,RESET 0->10 (bulk update cluster),true,2026-08-24T05:54:34.878Z
G1869433011,348.99 Ct Oval Cabochon Rhodolite Garnet Lot size 6x4 mm,https://www.alphagemstone.com/products/348-99-ct-oval-cabochon-rhodolite-garnet-lot-size-6x4-mm,0,10,RESET 0->10 (bulk update cluster),true,2026-08-24T05:54:38.141Z
G1869303836,351.87 Ct Oval Cabochon Rhodolite Garnet Lot Size 6x4mm,https://www.alphagemstone.com/products/351-87-ct-oval-cabochon-rhodolite-garnet-lot-size-6x4mm,0,10,RESET 0->10 (bulk update cluster),true,2026-08-24T05:54:34.878Z
G1962314860,353.62 Ct Round Cabochon Garnet Lot Size 7 mm AAA Grade,https://www.alphagemstone.com/products/353-62-ct-round-cabochon-garnet-lot-size-7-mm-aaa-grade,0,10,RESET 0->10 (bulk update cluster),true,2026-08-24T05:54:38.141Z
G1963568402,368.37 Ct. Oval Cabochon Garnet Lot Size 8x6 mm AAA Grade,https://www.alphagemstone.com/products/368-37-ct-oval-cabochon-garnet-lot-size-8x6-mm-aaa-grade,0,10,RESET 0->10 (bulk update cluster),true,2026-08-24T05:54:38.141Z
G1869006410,372.50 Ct Oval Cabochon Rhodolite Garnet Lot Size 5x3 mm,https://www.alphagemstone.com/products/372-50-ct-oval-cabochon-rhodolite-garnet-lot-size-5x3-mm,0,10,RESET 0->10 (bulk update cluster),true,2026-08-24T05:54:34.878Z
G1963663495,380.19 Ct. Oval Cabochon Garnet Lot Size 9x7 mm AAA Grade,https://www.alphagemstone.com/products/380-19-ct-oval-cabochon-garnet-lot-size-9x7-mm-aaa-grade,0,10,RESET 0->10 (bulk update cluster),true,2026-08-24T05:54:38.141Z
G1867502873,394.65 Ct Round Cabochon Rhodolite Garnet Lot Size 2.5 mm,https://www.alphagemstone.com/products/394-65-ct-round-cabochon-rhodolite-garnet-lot-size-2-5-mm,0,10,RESET 0->10 (bulk update cluster),true,2026-08-24T05:54:34.878Z
G1529244154,395.67 Cts. Round Citrine Cabochon Lot Size 5 mm,https://www.alphagemstone.com/products/395-67-cts-round-citrine-cabochon-lot-size-5-mm,0,10,RESET 0->10 (bulk update cluster),true,2026-08-24T05:54:34.878Z
SLC061713219,4 mm Heart Cabochon Citrine AAA Grade 10 pc Lot,https://www.alphagemstone.com/products/4-mm-heart-cabochon-citrine-aaa-grade-10-pc-lot,0,10,RESET 0->10 (bulk update cluster),true,2026-08-24T05:54:54.372Z
SLC061713226,4 mm Heart Cabochon Garnet AAA Grade 10 pc Lot,https://www.alphagemstone.com/products/4-mm-heart-cabochon-garnet-aaa-grade-10-pc-lot,0,10,RESET 0->10 (bulk update cluster),true,2026-08-24T05:54:54.372Z
SLC061713231,4 mm Heart Cabochon Swiss Blue Topaz AAA Grade 10 pc Lot,https://www.alphagemstone.com/products/4-mm-heart-cabochon-swiss-blue-topaz-aaa-grade-10-pc-lot,0,10,RESET 0->10 (bulk update cluster),true,2026-08-24T05:54:54.372Z
SAL061713016,4 mm Heart Orange Sapphire 10 piece Lot,https://www.alphagemstone.com/products/4-mm-heart-orange-sapphire-10-piece-lot,0,10,RESET 0->10 (bulk update cluster),true,2026-08-24T05:54:54.372Z
SAL061713014,4 mm Heart Yellow Sapphire 10 piece Lot,https://www.alphagemstone.com/products/4-mm-heart-yellow-sapphire-10-piece-lot,0,10,RESET 0->10 (bulk update cluster),true,2026-08-24T05:54:54.372Z
SAL061713029,4 mm Round Orange Sapphire 10 piece Lot,https://www.alphagemstone.com/products/4-mm-round-orange-sapphire-10-piece-lot,0,10,RESET 0->10 (bulk update cluster),true,2026-08-24T05:54:54.372Z
SAL061713064,4 mm Round Yellow Sapphire 5 piece Lot,https://www.alphagemstone.com/products/4-mm-round-yellow-sapphire-5-piece-lot,0,10,RESET 0->10 (bulk update cluster),true,2026-08-24T05:54:54.372Z
SAL061713010,4 mm Square Orange Sapphire 10 piece Lot,https://www.alphagemstone.com/products/4-mm-square-orange-sapphire-10-piece-lot,0,10,RESET 0->10 (bulk update cluster),true,2026-08-24T05:54:54.372Z
SAL061713056,4 mm Square Orange Sapphire 5 piece Lot,https://www.alphagemstone.com/products/4-mm-square-orange-sapphire-5-piece-lot,0,10,RESET 0->10 (bulk update cluster),true,2026-08-24T05:54:54.372Z
SAL061713005,4 mm Square Yellow Sapphire 10 piece Lot,https://www.alphagemstone.com/products/4-mm-square-yellow-sapphire-10-piece-lot,0,10,RESET 0->10 (bulk update cluster),true,2026-08-24T05:54:54.372Z
SAL061713051,4 mm Square Yellow Sapphire 5 piece Lot,https://www.alphagemstone.com/products/4-mm-square-yellow-sapphire-5-piece-lot,0,10,RESET 0->10 (bulk update cluster),true,2026-08-24T05:54:54.372Z
SLC061713010,4 mm Sugarloaf (Square Cabochon) Citrine AAA Grade 10 pc Lot,https://www.alphagemstone.com/products/4-mm-sugarloaf-square-cabochon-citrine-aaa-grade-10-pc-lot,0,10,RESET 0->10 (bulk update cluster),true,2026-08-24T05:54:54.372Z
SLC061713004,4 mm Sugarloaf (Square Cabochon) Peridot AAA Grade 10 pc Lot,https://www.alphagemstone.com/products/4-mm-sugarloaf-square-cabochon-peridot-aaa-grade-10-pc-lot,0,10,RESET 0->10 (bulk update cluster),true,2026-08-24T05:54:54.372Z
SLC061713101,4 mm Trillion Cabochon Rhodolite Garnet AAA Grade 10 pc Lot,https://www.alphagemstone.com/products/4-mm-trillion-cabochon-rhodolite-garnet-aaa-grade-10-pc-lot,0,10,RESET 0->10 (bulk update cluster),true,2026-08-24T05:54:54.372Z
G1963764298,432.50 Ct.Oval Cabochon Garnet Lot size 9x7 mm AAA Grade,https://www.alphagemstone.com/products/432-50-ct-oval-cabochon-garnet-lot-size-9x7-mm-aaa-grade,0,10,RESET 0->10 (bulk update cluster),true,2026-08-24T05:54:38.141Z
G1963721789,435.98 Ct. Oval Cabochon Garnet Lot Size 9x7 mm AAA Grade,https://www.alphagemstone.com/products/435-98-ct-oval-cabochon-garnet-lot-size-9x7-mm-aaa-grade,0,10,RESET 0->10 (bulk update cluster),true,2026-08-24T05:54:38.141Z
G1963400086,443.60 Cts. Oval Cabochon Garnet Lot Size 7x5 mm AAA Grade,https://www.alphagemstone.com/products/443-60-cts-oval-cabochon-garnet-lot-size-7x5-mm-aaa-grade,0,10,RESET 0->10 (bulk update cluster),true,2026-08-24T05:54:38.141Z
G1870801433,454 Ct Oval Cabochon Rhodolite Garnet Lot Size 7x5 mm,https://www.alphagemstone.com/products/454-ct-oval-cabochon-rhodolite-garnet-lot-size-7x5-mm,0,10,RESET 0->10 (bulk update cluster),true,2026-08-24T05:54:38.141Z
G1963420657,457.10 Ct. Oval Cabochon Garnet Lot Size 7x5 mm AAA Grade,https://www.alphagemstone.com/products/457-10-ct-oval-cabochon-garnet-lot-size-7x5-mm-aaa-grade,0,10,RESET 0->10 (bulk update cluster),true,2026-08-24T05:54:38.141Z
G1035783985,474 Ct Oval Cabochon Amethyst Lot Size 7x5 mm,https://www.alphagemstone.com/products/474-ct-oval-cabochon-amethyst-lot-size-7x5-mm,0,10,RESET 0->10 (bulk update cluster),true,2026-08-24T05:54:34.878Z
G1963389945,480.60 Cts. Oval Cabochon Garnet Lot Size 7x5 mm AAA Grade,https://www.alphagemstone.com/products/480-60-cts-oval-cabochon-garnet-lot-size-7x5-mm-aaa-grade,0,10,RESET 0->10 (bulk update cluster),true,2026-08-24T05:54:38.141Z
SAL061713037,4x3 mm Oval Orange Sapphire 10 piece Lot,https://www.alphagemstone.com/products/4x3-mm-oval-orange-sapphire-10-piece-lot,0,10,RESET 0->10 (bulk update cluster),true,2026-08-24T05:54:54.372Z
SAL061713033,4x3 mm Oval Yellow Sapphire 10 piece Lot,https://www.alphagemstone.com/products/4x3-mm-oval-yellow-sapphire-10-piece-lot,0,10,RESET 0->10 (bulk update cluster),true,2026-08-24T05:54:54.372Z
SAL061713079,4x3 mm Oval Yellow Sapphire 5 piece Lot,https://www.alphagemstone.com/products/4x3-mm-oval-yellow-sapphire-5-piece-lot,0,10,RESET 0->10 (bulk update cluster),true,2026-08-24T05:54:54.372Z
DLN100412034,5 ct. P/Cut Canary Diamond I1/I2 Clarity Lot Size 1-1.8 mm,https://www.alphagemstone.com/products/5-ct-p-cut-canary-diamond-i1-i2-clarity-lot-size-1-1-8-mm,0,10,RESET 0->10 (bulk update cluster),true,2026-08-24T05:54:51.876Z
DLN100412039,5 ct. P/Cut Canary Diamond I1/I2 Clarity Lot Size 1.8-2.5 mm,https://www.alphagemstone.com/products/5-ct-p-cut-canary-diamond-i1-i2-clarity-lot-size-1-8-2-5-mm,0,10,RESET 0->10 (bulk update cluster),true,2026-08-24T05:54:51.876Z
DLN100412024,5 ct. P/Cut White Diamond I1/I2 Clarity Lot Size 1.8-2.5 mm,https://www.alphagemstone.com/products/5-ct-p-cut-white-diamond-i1-i2-clarity-lot-size-1-8-2-5-mm,0,10,RESET 0->10 (bulk update cluster),true,2026-08-24T05:54:51.876Z
DLN100412044,5 ct. P/Cut Yellow Diamond I1/I2 Clarity Lot Size 1-1.8 mm,https://www.alphagemstone.com/products/5-ct-p-cut-yellow-diamond-i1-i2-clarity-lot-size-1-1-8-mm,0,10,RESET 0->10 (bulk update cluster),true,2026-08-24T05:54:51.876Z
DLN100412049,5 ct. P/Cut Yellow Diamond I1/I2 Clarity Lot Size 1.8-2.5 mm,https://www.alphagemstone.com/products/5-ct-p-cut-yellow-diamond-i1-i2-clarity-lot-size-1-8-2-5-mm,0,10,RESET 0->10 (bulk update cluster),true,2026-08-24T05:54:51.876Z
DLN100412019,5 ct. Princess Cut White Diamond I1/I2 Clarity Lot Size 1-1.8 mm,https://www.alphagemstone.com/products/5-ct-princess-cut-white-diamond-i1-i2-clarity-lot-size-1-1-8-mm,0,10,RESET 0->10 (bulk update cluster),true,2026-08-24T05:54:51.876Z
SLC061713154,5 mm Bullet Cabochon Rhodolite Garnet AAA Grade 10 pc Lot,https://www.alphagemstone.com/products/5-mm-bullet-cabochon-rhodolite-garnet-aaa-grade-10-pc-lot,0,10,RESET 0->10 (bulk update cluster),true,2026-08-24T05:54:54.372Z
SLC061713215,5 mm Heart Cabochon Amethyst AAA Grade 10 pc Lot,https://www.alphagemstone.com/products/5-mm-heart-cabochon-amethyst-aaa-grade-10-pc-lot,0,10,RESET 0->10 (bulk update cluster),true,2026-08-24T05:54:54.372Z
SLC061713220,5 mm Heart Cabochon Citrine AAA Grade 10 pc Lot,https://www.alphagemstone.com/products/5-mm-heart-cabochon-citrine-aaa-grade-10-pc-lot,0,10,RESET 0->10 (bulk update cluster),true,2026-08-24T05:54:54.372Z
SLC061713227,5 mm Heart Cabochon Garnet AAA Grade 10 pc Lot,https://www.alphagemstone.com/products/5-mm-heart-cabochon-garnet-aaa-grade-10-pc-lot,0,10,RESET 0->10 (bulk update cluster),true,2026-08-24T05:54:54.372Z
SLC061713232,5 mm Heart Cabochon Swiss Blue Topaz AAA Grade 10 pc Lot,https://www.alphagemstone.com/products/5-mm-heart-cabochon-swiss-blue-topaz-aaa-grade-10-pc-lot,0,10,RESET 0->10 (bulk update cluster),true,2026-08-24T05:54:54.372Z
SAL061713078,5 mm Heart Multi Color Sapphire 5 piece Lot,https://www.alphagemstone.com/products/5-mm-heart-multi-color-sapphire-5-piece-lot,0,10,RESET 0->10 (bulk update cluster),true,2026-08-24T05:54:54.372Z
SAL061713076,5 mm Heart Orange Sapphire 5 piece Lot,https://www.alphagemstone.com/products/5-mm-heart-orange-sapphire-5-piece-lot,0,10,RESET 0->10 (bulk update cluster),true,2026-08-24T05:54:54.372Z
SLC061713041,5 mm Sugarloaf (Sq Cabochon) Rhodolite Garnet AAA 10 pc Lot,https://www.alphagemstone.com/products/5-mm-sugarloaf-sq-cabochon-rhodolite-garnet-aaa-10-pc-lot,0,10,RESET 0->10 (bulk update cluster),true,2026-08-24T05:54:54.372Z
SLC061713087,5 mm Trillion Cabochon Amethyst AAA Grade 10 pc Lot,https://www.alphagemstone.com/products/5-mm-trillion-cabochon-amethyst-aaa-grade-10-pc-lot,0,10,RESET 0->10 (bulk update cluster),true,2026-08-24T05:54:54.372Z
SLC061713094,5 mm Trillion Cabochon Citrine AAA Grade 10 pc Lot,https://www.alphagemstone.com/products/5-mm-trillion-cabochon-citrine-aaa-grade-10-pc-lot,0,10,RESET 0->10 (bulk update cluster),true,2026-08-24T05:54:54.372Z
SLC061713080,5 mm Trillion Cabochon Garnet AAA Grade 10 pc Lot,https://www.alphagemstone.com/products/5-mm-trillion-cabochon-garnet-aaa-grade-10-pc-lot,0,10,RESET 0->10 (bulk update cluster),true,2026-08-24T05:54:54.372Z
SLC061713102,5 mm Trillion Cabochon Rhodolite Garnet AAA Grade 10 pc Lot,https://www.alphagemstone.com/products/5-mm-trillion-cabochon-rhodolite-garnet-aaa-grade-10-pc-lot,0,10,RESET 0->10 (bulk update cluster),true,2026-08-24T05:54:54.372Z
DRL09282014061,5 mm Trillion Mystic Green Drusy Quartz 25 piece Lot,https://www.alphagemstone.com/products/5-mm-trillion-mystic-green-drusy-quartz-25-piece-lot,0,10,RESET 0->10 (bulk update cluster),true,2026-08-24T05:54:54.372Z
CL021609028,5000 Cts twt. Mix Shape Garnet Lot Size 2-10 cts,https://www.alphagemstone.com/products/5000-cts-twt-mix-shape-garnet-lot-size-2-10-cts,0,10,RESET 0->10 (bulk update cluster),true,2026-08-24T05:54:44.986Z
CL021609016,5000 Cts twt. Mixed Rainbow Fluorite Lot size 5-30 cts.,https://www.alphagemstone.com/products/5000-cts-twt-mixed-rainbow-fluorite-lot-size-5-30-cts,0,10,RESET 0->10 (bulk update cluster),true,2026-08-24T05:54:44.986Z
CL08040901,5000 Cts twt. Rainbow Moonstone Lot size 1-10 cts,https://www.alphagemstone.com/products/5000-cts-twt-rainbow-moonstone-lot-size-1-10-cts,0,10,RESET 0->10 (bulk update cluster),true,2026-08-24T05:54:44.986Z
CL021609007,5000 Cts. Laser Cut White Quartz Lot size 5-30 cts.,https://www.alphagemstone.com/products/5000-cts-laser-cut-white-quartz-lot-size-5-30-cts,0,10,RESET 0->10 (bulk update cluster),true,2026-08-24T05:54:44.986Z
CL021609041,5000 Cts. Synthetic Padparadscha Sapphire Oval Lot size 5-30 ct.,https://www.alphagemstone.com/products/5000-cts-synthetic-padparadscha-sapphire-oval-lot-size-5-30-ct,0,10,RESET 0->10 (bulk update cluster),true,2026-08-24T05:54:44.986Z
G1962383773,515.96 Ct Round Cabochon Garnet Lot Size 7 mm AAA Grade,https://www.alphagemstone.com/products/515-96-ct-round-cabochon-garnet-lot-size-7-mm-aaa-grade,0,10,RESET 0->10 (bulk update cluster),true,2026-08-24T05:54:38.141Z
G1035807441,526.78 Ct Oval Cabochon Amethyst Lot Size 7x5 mm,https://www.alphagemstone.com/products/526-78-ct-oval-cabochon-amethyst-lot-size-7x5-mm,0,10,RESET 0->10 (bulk update cluster),true,2026-08-24T05:54:34.878Z
G1963443190,529.30 Ct. Oval Cabochon Garnet Lot Size 7x5 mm AAA Grade,https://www.alphagemstone.com/products/529-30-ct-oval-cabochon-garnet-lot-size-7x5-mm-aaa-grade,0,10,RESET 0->10 (bulk update cluster),true,2026-08-24T05:54:38.141Z
G1963431604,530.10 Cts. Oval Cabochon Garnet Lot Size 7x5 mm AAA Grade,https://www.alphagemstone.com/products/530-10-cts-oval-cabochon-garnet-lot-size-7x5-mm-aaa-grade,0,10,RESET 0->10 (bulk update cluster),true,2026-08-24T05:54:38.141Z
G1036267904,532 ct. Oval Amethyst Cabochon Lot Size 6x4 mm,https://www.alphagemstone.com/products/532-ct-oval-amethyst-cabochon-lot-size-6x4-mm,0,10,RESET 0->10 (bulk update cluster),true,2026-08-24T05:54:34.878Z
SLC061713059,5x3 mm Emerald Cut (Baguette) Cabochon Amethyst AAA 10 pc Lot,https://www.alphagemstone.com/products/5x3-mm-emerald-cut-baguette-cabochon-amethyst-aaa-10-pc-lot,0,10,RESET 0->10 (bulk update cluster),true,2026-08-24T05:54:54.372Z
SLC061713047,5x3 mm Emerald Cut (Baguette) Cabochon Garnet AAA 10 pc Lot,https://www.alphagemstone.com/products/5x3-mm-emerald-cut-baguette-cabochon-garnet-aaa-10-pc-lot,0,10,RESET 0->10 (bulk update cluster),true,2026-08-24T05:54:54.372Z
SLC061713065,5x3 mm Emerald Cut (Baguette) Cabochon Rhodolite AAA 10 pc Lot,https://www.alphagemstone.com/products/5x3-mm-emerald-cut-baguette-cabochon-rhodolite-aaa-10-pc-lot,0,10,RESET 0->10 (bulk update cluster),true,2026-08-24T05:54:54.372Z
SAL061713044,5x3 mm Oval Multi Color Sapphire 10 piece Lot,https://www.alphagemstone.com/products/5x3-mm-oval-multi-color-sapphire-10-piece-lot,0,10,RESET 0->10 (bulk update cluster),true,2026-08-24T05:54:54.372Z
SAL061713084,5x3 mm Oval Orange Sapphire 5 piece Lot,https://www.alphagemstone.com/products/5x3-mm-oval-orange-sapphire-5-piece-lot,0,10,RESET 0->10 (bulk update cluster),true,2026-08-24T05:54:54.372Z
SLC061713182,5x3 mm Pear Cabochon Citrine AAA Grade 10 pc Lot,https://www.alphagemstone.com/products/5x3-mm-pear-cabochon-citrine-aaa-grade-10-pc-lot,0,10,RESET 0->10 (bulk update cluster),true,2026-08-24T05:54:54.372Z
SLC061713168,5x3 mm Pear Cabochon Garnet AAA Grade 10 pc Lot,https://www.alphagemstone.com/products/5x3-mm-pear-cabochon-garnet-aaa-grade-10-pc-lot,0,10,RESET 0->10 (bulk update cluster),true,2026-08-24T05:54:54.372Z
SLC061713203,5x3 mm Pear Cabochon Iolite AAA Grade 10 pc Lot,https://www.alphagemstone.com/products/5x3-mm-pear-cabochon-iolite-aaa-grade-10-pc-lot,0,10,RESET 0->10 (bulk update cluster),true,2026-08-24T05:54:54.372Z
SLC061713196,5x3 mm Pear Cabochon Peridot AAA Grade 10 pc Lot,https://www.alphagemstone.com/products/5x3-mm-pear-cabochon-peridot-aaa-grade-10-pc-lot,0,10,RESET 0->10 (bulk update cluster),true,2026-08-24T05:54:54.372Z
SLC061713189,5x3 mm Pear Cabochon Rhodolite Garnet AAA Grade 10 pc Lot,https://www.alphagemstone.com/products/5x3-mm-pear-cabochon-rhodolite-garnet-aaa-grade-10-pc-lot,0,10,RESET 0->10 (bulk update cluster),true,2026-08-24T05:54:54.372Z
SLC061713206,5x3 mm Pear Cabochon Swiss Blue Topaz AAA Grade 10 pc Lot,https://www.alphagemstone.com/products/5x3-mm-pear-cabochon-swiss-blue-topaz-aaa-grade-10-pc-lot,0,10,RESET 0->10 (bulk update cluster),true,2026-08-24T05:54:54.372Z
SAL061713039,5x4 mm Oval Orange Sapphire 10 piece Lot,https://www.alphagemstone.com/products/5x4-mm-oval-orange-sapphire-10-piece-lot,0,10,RESET 0->10 (bulk update cluster),true,2026-08-24T05:54:54.372Z
SAL061713085,5x4 mm Oval Orange Sapphire 5 piece Lot,https://www.alphagemstone.com/products/5x4-mm-oval-orange-sapphire-5-piece-lot,0,10,RESET 0->10 (bulk update cluster),true,2026-08-24T05:54:54.372Z
SAL061713035,5x4 mm Oval Yellow Sapphire 10 piece Lot,https://www.alphagemstone.com/products/5x4-mm-oval-yellow-sapphire-10-piece-lot,0,10,RESET 0->10 (bulk update cluster),true,2026-08-24T05:54:54.372Z
SAL061713081,5x4 mm Oval Yellow Sapphire 5 piece Lot,https://www.alphagemstone.com/products/5x4-mm-oval-yellow-sapphire-5-piece-lot,0,10,RESET 0->10 (bulk update cluster),true,2026-08-24T05:54:54.372Z
G1613740519,6 Ct Twt Oval Cabochon Golden Yellow Citrine Lot Size 10x8 mm,https://www.alphagemstone.com/products/6-ct-twt-oval-cabochon-golden-yellow-citrine-lot-size-10x8-mm,0,10,RESET 0->10 (bulk update cluster),true,2026-08-24T05:54:34.878Z
CG06162006029,6 Cts twt. Cognac Diamond Lot size 1.3-3.0 mm (0.01 - 0.09 cts),https://www.alphagemstone.com/products/6-cts-twt-cognac-diamond-lot-size-1-3-3-0-mm-0-01-0-09-cts,0,10,RESET 0->10 (bulk update cluster),true,2026-08-24T05:54:38.141Z
SLC061713042,6 mm AAA Sugarloaf (Square Cabochon) Rhodolite Garnet10 pc Lot,https://www.alphagemstone.com/products/6-mm-aaa-sugarloaf-square-cabochon-rhodolite-garnet10-pc-lot,0,10,RESET 0->10 (bulk update cluster),true,2026-08-24T05:54:54.372Z
SLC061713216,6 mm Heart Cabochon Amethyst AAA Grade 10 pc Lot,https://www.alphagemstone.com/products/6-mm-heart-cabochon-amethyst-aaa-grade-10-pc-lot,0,10,RESET 0->10 (bulk update cluster),true,2026-08-24T05:54:54.372Z
SLC061713221,6 mm Heart Cabochon Citrine AAA Grade 10 pc Lot,https://www.alphagemstone.com/products/6-mm-heart-cabochon-citrine-aaa-grade-10-pc-lot,0,10,RESET 0->10 (bulk update cluster),true,2026-08-24T05:54:54.372Z
SLC061713228,6 mm Heart Cabochon Garnet AAA Grade 10 pc Lot,https://www.alphagemstone.com/products/6-mm-heart-cabochon-garnet-aaa-grade-10-pc-lot,0,10,RESET 0->10 (bulk update cluster),true,2026-08-24T05:54:54.372Z
SLC061713233,6 mm Heart Cabochon Swiss Blue Topaz AAA Grade 10 pc Lot,https://www.alphagemstone.com/products/6-mm-heart-cabochon-swiss-blue-topaz-aaa-grade-10-pc-lot,0,10,RESET 0->10 (bulk update cluster),true,2026-08-24T05:54:54.372Z
SLC061713021,6 mm Sugarloaf (Square Cabochon) Amethyst AAA Grade 10 pc Lot,https://www.alphagemstone.com/products/6-mm-sugarloaf-square-cabochon-amethyst-aaa-grade-10-pc-lot,0,10,RESET 0->10 (bulk update cluster),true,2026-08-24T05:54:54.372Z
SLC061713030,6 mm Sugarloaf (Square Cabochon) Garnet AAA Grade 10 pc Lot,https://www.alphagemstone.com/products/6-mm-sugarloaf-square-cabochon-garnet-aaa-grade-10-pc-lot,0,10,RESET 0->10 (bulk update cluster),true,2026-08-24T05:54:54.372Z
SLC061713088,6 mm Trillion Cabochon Amethyst AAA Grade 10 pc Lot,https://www.alphagemstone.com/products/6-mm-trillion-cabochon-amethyst-aaa-grade-10-pc-lot,0,10,RESET 0->10 (bulk update cluster),true,2026-08-24T05:54:54.372Z
SLC061713095,6 mm Trillion Cabochon Citrine AAA Grade 10 pc Lot,https://www.alphagemstone.com/products/6-mm-trillion-cabochon-citrine-aaa-grade-10-pc-lot,0,10,RESET 0->10 (bulk update cluster),true,2026-08-24T05:54:54.372Z
SLC061713081,6 mm Trillion Cabochon Garnet AAA Grade 10 pc Lot,https://www.alphagemstone.com/products/6-mm-trillion-cabochon-garnet-aaa-grade-10-pc-lot,0,10,RESET 0->10 (bulk update cluster),true,2026-08-24T05:54:54.372Z
SLC061713103,6 mm Trillion Cabochon Rhodolite Garnet AAA Grade 10 pc Lot,https://www.alphagemstone.com/products/6-mm-trillion-cabochon-rhodolite-garnet-aaa-grade-10-pc-lot,0,10,RESET 0->10 (bulk update cluster),true,2026-08-24T05:54:54.372Z
G1961246741,6.60 Ct. Round Cabochon Garnet Lot Size 2.5 mm AAA Grade,https://www.alphagemstone.com/products/6-60-ct-round-cabochon-garnet-lot-size-2-5-mm-aaa-grade,0,10,RESET 0->10 (bulk update cluster),true,2026-08-24T05:54:38.141Z
G1604807761,67.60 Ct Twt Round Cabochon Golden Yellow Citrine Lot Size 7 mm,https://www.alphagemstone.com/products/67-60-ct-twt-round-cabochon-golden-yellow-citrine-lot-size-7-mm,0,10,RESET 0->10 (bulk update cluster),true,2026-08-24T05:54:34.878Z
SLC061713066,6x4 mm Emerald Cut (Baguette) Cab Rhodolite Garnet 10 pc Lot,https://www.alphagemstone.com/products/6x4-mm-emerald-cut-baguette-cab-rhodolite-garnet-10-pc-lot,0,10,RESET 0->10 (bulk update cluster),true,2026-08-24T05:54:54.372Z
SLC061713060,6x4 mm Emerald Cut (Baguette) Cabochon Amethyst AAA 10 pc Lot,https://www.alphagemstone.com/products/6x4-mm-emerald-cut-baguette-cabochon-amethyst-aaa-10-pc-lot,0,10,RESET 0->10 (bulk update cluster),true,2026-08-24T05:54:54.372Z
SLC061713054,6x4 mm Emerald Cut (Baguette) Cabochon Citrine AAA 10 pc Lot,https://www.alphagemstone.com/products/6x4-mm-emerald-cut-baguette-cabochon-citrine-aaa-10-pc-lot,0,10,RESET 0->10 (bulk update cluster),true,2026-08-24T05:54:54.372Z
SLC061713048,6x4 mm Emerald Cut (Baguette) Cabochon Garnet AAA 10 pc Lot,https://www.alphagemstone.com/products/6x4-mm-emerald-cut-baguette-cabochon-garnet-aaa-10-pc-lot,0,10,RESET 0->10 (bulk update cluster),true,2026-08-24T05:54:54.372Z
SLC061713076,6x4 mm Emerald Cut (Baguette) Cabochon Iolite AAA Grade 10 pc Lo,https://www.alphagemstone.com/products/6x4-mm-emerald-cut-baguette-cabochon-iolite-aaa-grade-10-pc-lo,0,10,RESET 0->10 (bulk update cluster),true,2026-08-24T05:54:54.372Z
SLC061713072,6x4 mm Emerald Cut (Baguette) Cabochon Swiss Topaz AAA 10 pc Lot,https://www.alphagemstone.com/products/6x4-mm-emerald-cut-baguette-cabochon-swiss-topaz-aaa-10-pc-lot,0,10,RESET 0->10 (bulk update cluster),true,2026-08-24T05:54:54.372Z
KLN101712049,6x4 mm Octagon Kunzite Super Fine Grade 5 Pcs Lot,https://www.alphagemstone.com/products/6x4-mm-octagon-kunzite-super-fine-grade-5-pcs-lot,0,10,RESET 0->10 (bulk update cluster),true,2026-08-24T05:54:51.876Z
SAL061713092,6x4 mm Oval Multi Color Sapphire 5 piece Lot,https://www.alphagemstone.com/products/6x4-mm-oval-multi-color-sapphire-5-piece-lot,0,10,RESET 0->10 (bulk update cluster),true,2026-08-24T05:54:54.372Z
SAL061713086,6x4 mm Oval Orange Sapphire 5 piece Lot,https://www.alphagemstone.com/products/6x4-mm-oval-orange-sapphire-5-piece-lot,0,10,RESET 0->10 (bulk update cluster),true,2026-08-24T05:54:54.372Z
SAL061713082,6x4 mm Oval Yellow Sapphire 5 piece Lot,https://www.alphagemstone.com/products/6x4-mm-oval-yellow-sapphire-5-piece-lot,0,10,RESET 0->10 (bulk update cluster),true,2026-08-24T05:54:54.372Z
SLC061713176,6x4 mm Pear Cabochon Amethyst AAA Grade 10 pc Lot,https://www.alphagemstone.com/products/6x4-mm-pear-cabochon-amethyst-aaa-grade-10-pc-lot,0,10,RESET 0->10 (bulk update cluster),true,2026-08-24T05:54:54.372Z
SLC061713183,6x4 mm Pear Cabochon Citrine AAA Grade 10 pc Lot,https://www.alphagemstone.com/products/6x4-mm-pear-cabochon-citrine-aaa-grade-10-pc-lot,0,10,RESET 0->10 (bulk update cluster),true,2026-08-24T05:54:54.372Z
SLC061713169,6x4 mm Pear Cabochon Garnet AAA Grade 10 pc Lot,https://www.alphagemstone.com/products/6x4-mm-pear-cabochon-garnet-aaa-grade-10-pc-lot,0,10,RESET 0->10 (bulk update cluster),true,2026-08-24T05:54:54.372Z
SLC061713204,6x4 mm Pear Cabochon Iolite AAA Grade 10 pc Lot,https://www.alphagemstone.com/products/6x4-mm-pear-cabochon-iolite-aaa-grade-10-pc-lot,0,10,RESET 0->10 (bulk update cluster),true,2026-08-24T05:54:54.372Z
SLC061713197,6x4 mm Pear Cabochon Peridot AAA Grade 10 pc Lot,https://www.alphagemstone.com/products/6x4-mm-pear-cabochon-peridot-aaa-grade-10-pc-lot,0,10,RESET 0->10 (bulk update cluster),true,2026-08-24T05:54:54.372Z
SLC061713190,6x4 mm Pear Cabochon Rhodolite Garnet AAA Grade 10 pc Lot,https://www.alphagemstone.com/products/6x4-mm-pear-cabochon-rhodolite-garnet-aaa-grade-10-pc-lot,0,10,RESET 0->10 (bulk update cluster),true,2026-08-24T05:54:54.372Z
SLC061713207,6x4 mm Pear Cabochon Swiss Blue Topaz AAA Grade 10 pc Lot,https://www.alphagemstone.com/products/6x4-mm-pear-cabochon-swiss-blue-topaz-aaa-grade-10-pc-lot,0,10,RESET 0->10 (bulk update cluster),true,2026-08-24T05:54:54.372Z
SLC061713147,7 mm Bullet Cabochon Citrine AAA Grade 10 pc Lot,https://www.alphagemstone.com/products/7-mm-bullet-cabochon-citrine-aaa-grade-10-pc-lot,0,10,RESET 0->10 (bulk update cluster),true,2026-08-24T05:54:54.372Z
SLC061713129,7 mm Bullet Cabochon Garnet AAA Grade 10 pc Lot,https://www.alphagemstone.com/products/7-mm-bullet-cabochon-garnet-aaa-grade-10-pc-lot,0,10,RESET 0->10 (bulk update cluster),true,2026-08-24T05:54:54.372Z
SLC061713156,7 mm Bullet Cabochon Rhodolite Garnet AAA Grade 10 pc Lot,https://www.alphagemstone.com/products/7-mm-bullet-cabochon-rhodolite-garnet-aaa-grade-10-pc-lot,0,10,RESET 0->10 (bulk update cluster),true,2026-08-24T05:54:54.372Z
SLC061713229,7 mm Heart Cabochon Garnet AAA Grade 10 pc Lot,https://www.alphagemstone.com/products/7-mm-heart-cabochon-garnet-aaa-grade-10-pc-lot,0,10,RESET 0->10 (bulk update cluster),true,2026-08-24T05:54:54.372Z
SLC061713234,7 mm Heart Cabochon Swiss Blue Topaz AAA Grade 10 pc Lot,https://www.alphagemstone.com/products/7-mm-heart-cabochon-swiss-blue-topaz-aaa-grade-10-pc-lot,0,10,RESET 0->10 (bulk update cluster),true,2026-08-24T05:54:54.372Z
SLC061713022,7 mm Sugarloaf (Square Cabochon) Amethyst AAA Grade 10 pc Lot,https://www.alphagemstone.com/products/7-mm-sugarloaf-square-cabochon-amethyst-aaa-grade-10-pc-lot,0,10,RESET 0->10 (bulk update cluster),true,2026-08-24T05:54:54.372Z
SLC061713013,7 mm Sugarloaf (Square Cabochon) Citrine AAA Grade 10 pc Lot,https://www.alphagemstone.com/products/7-mm-sugarloaf-square-cabochon-citrine-aaa-grade-10-pc-lot,0,10,RESET 0->10 (bulk update cluster),true,2026-08-24T05:54:54.372Z
SLC061713031,7 mm Sugarloaf (Square Cabochon) Garnet AAA Grade 10 pc Lot,https://www.alphagemstone.com/products/7-mm-sugarloaf-square-cabochon-garnet-aaa-grade-10-pc-lot,0,10,RESET 0->10 (bulk update cluster),true,2026-08-24T05:54:54.372Z
SLC061713089,7 mm Trillion Cabochon Amethyst AAA Grade 10 pc Lot,https://www.alphagemstone.com/products/7-mm-trillion-cabochon-amethyst-aaa-grade-10-pc-lot,0,10,RESET 0->10 (bulk update cluster),true,2026-08-24T05:54:54.372Z
SLC061713096,7 mm Trillion Cabochon Citrine AAA Grade 10 pc Lot,https://www.alphagemstone.com/products/7-mm-trillion-cabochon-citrine-aaa-grade-10-pc-lot,0,10,RESET 0->10 (bulk update cluster),true,2026-08-24T05:54:54.372Z
SLC061713082,7 mm Trillion Cabochon Garnet AAA Grade 10 pc Lot,https://www.alphagemstone.com/products/7-mm-trillion-cabochon-garnet-aaa-grade-10-pc-lot,0,10,RESET 0->10 (bulk update cluster),true,2026-08-24T05:54:54.372Z
SLC061713110,7 mm Trillion Cabochon Madeira Citrine AAA Grade 10 pc Lot,https://www.alphagemstone.com/products/7-mm-trillion-cabochon-madeira-citrine-aaa-grade-10-pc-lot,0,10,RESET 0->10 (bulk update cluster),true,2026-08-24T05:54:54.372Z
DIA84,7.38 Cts twt. Green Diamond Lot size 3-4 mm(0.10-0.25 cts),https://www.alphagemstone.com/products/7-38-cts-twt-green-diamond-lot-size-3-4-mm-0-10-0-25-cts,0,10,RESET 0->10 (bulk update cluster),true,2026-08-24T05:54:44.986Z
SLC061713067,7x5 mm Baguette Cabochon Rhodolite Garnet AAA 10 pc Lot,https://www.alphagemstone.com/products/7x5-mm-baguette-cabochon-rhodolite-garnet-aaa-10-pc-lot,0,10,RESET 0->10 (bulk update cluster),true,2026-08-24T05:54:54.372Z
SLC061713061,7x5 mm Emerald Cut (Baguette) Cabochon Amethyst AAA 10 pc Lot,https://www.alphagemstone.com/products/7x5-mm-emerald-cut-baguette-cabochon-amethyst-aaa-10-pc-lot,0,10,RESET 0->10 (bulk update cluster),true,2026-08-24T05:54:54.372Z
SLC061713055,7x5 mm Emerald Cut (Baguette) Cabochon Citrine AAA 10 pc Lot,https://www.alphagemstone.com/products/7x5-mm-emerald-cut-baguette-cabochon-citrine-aaa-10-pc-lot,0,10,RESET 0->10 (bulk update cluster),true,2026-08-24T05:54:54.372Z
SLC061713049,7x5 mm Emerald Cut (Baguette) Cabochon Garnet AAA 10 pc Lot,https://www.alphagemstone.com/products/7x5-mm-emerald-cut-baguette-cabochon-garnet-aaa-10-pc-lot,0,10,RESET 0->10 (bulk update cluster),true,2026-08-24T05:54:54.372Z
SLC061713077,7x5 mm Emerald Cut (Baguette) Cabochon Iolite AAA Grade 10 pc Lo,https://www.alphagemstone.com/products/7x5-mm-emerald-cut-baguette-cabochon-iolite-aaa-grade-10-pc-lo,0,10,RESET 0->10 (bulk update cluster),true,2026-08-24T05:54:54.372Z
SLC061713073,7x5 mm Emerald Cut (Baguette) Cabochon Swiss Topaz AAA 10 pc Lot,https://www.alphagemstone.com/products/7x5-mm-emerald-cut-baguette-cabochon-swiss-topaz-aaa-10-pc-lot,0,10,RESET 0->10 (bulk update cluster),true,2026-08-24T05:54:54.372Z
SLC061713177,7x5 mm Pear Cabochon Amethyst AAA Grade 10 pc Lot,https://www.alphagemstone.com/products/7x5-mm-pear-cabochon-amethyst-aaa-grade-10-pc-lot,0,10,RESET 0->10 (bulk update cluster),true,2026-08-24T05:54:54.372Z
SLC061713184,7x5 mm Pear Cabochon Citrine AAA Grade 10 pc Lot,https://www.alphagemstone.com/products/7x5-mm-pear-cabochon-citrine-aaa-grade-10-pc-lot,0,10,RESET 0->10 (bulk update cluster),true,2026-08-24T05:54:54.372Z
SLC061713170,7x5 mm Pear Cabochon Garnet AAA Grade 10 pc Lot,https://www.alphagemstone.com/products/7x5-mm-pear-cabochon-garnet-aaa-grade-10-pc-lot,0,10,RESET 0->10 (bulk update cluster),true,2026-08-24T05:54:54.372Z
SLC061713205,7x5 mm Pear Cabochon Iolite AAA Grade 10 pc Lot,https://www.alphagemstone.com/products/7x5-mm-pear-cabochon-iolite-aaa-grade-10-pc-lot,0,10,RESET 0->10 (bulk update cluster),true,2026-08-24T05:54:54.372Z
SLC061713191,7x5 mm Pear Cabochon Rhodolite Garnet AAA Grade 10 pc Lot,https://www.alphagemstone.com/products/7x5-mm-pear-cabochon-rhodolite-garnet-aaa-grade-10-pc-lot,0,10,RESET 0->10 (bulk update cluster),true,2026-08-24T05:54:54.372Z
SLC061713148,8 mm Bullet Cabochon Citrine AAA Grade 10 pc Lot,https://www.alphagemstone.com/products/8-mm-bullet-cabochon-citrine-aaa-grade-10-pc-lot,0,10,RESET 0->10 (bulk update cluster),true,2026-08-24T05:54:54.372Z
SLC061713130,8 mm Bullet Cabochon Garnet AAA Grade 10 pc Lot,https://www.alphagemstone.com/products/8-mm-bullet-cabochon-garnet-aaa-grade-10-pc-lot,0,10,RESET 0->10 (bulk update cluster),true,2026-08-24T05:54:54.372Z
SLC061713217,8 mm Heart Cabochon Amethyst AAA Grade 10 pc Lot,https://www.alphagemstone.com/products/8-mm-heart-cabochon-amethyst-aaa-grade-10-pc-lot,0,10,RESET 0->10 (bulk update cluster),true,2026-08-24T05:54:54.372Z
SLC061713222,8 mm Heart Cabochon Citrine AAA Grade 10 pc Lot,https://www.alphagemstone.com/products/8-mm-heart-cabochon-citrine-aaa-grade-10-pc-lot,0,10,RESET 0->10 (bulk update cluster),true,2026-08-24T05:54:54.372Z
SLC061713230,8 mm Heart Cabochon Garnet AAA Grade 10 pc Lot,https://www.alphagemstone.com/products/8-mm-heart-cabochon-garnet-aaa-grade-10-pc-lot,0,10,RESET 0->10 (bulk update cluster),true,2026-08-24T05:54:54.372Z
SLC061713023,8 mm Sugarloaf (Square Cabochon) Amethyst AAA Grade 10 pc Lot,https://www.alphagemstone.com/products/8-mm-sugarloaf-square-cabochon-amethyst-aaa-grade-10-pc-lot,0,10,RESET 0->10 (bulk update cluster),true,2026-08-24T05:54:54.372Z
SLC061713090,8 mm Trillion Cabochon Amethyst AAA Grade 10 pc Lot,https://www.alphagemstone.com/products/8-mm-trillion-cabochon-amethyst-aaa-grade-10-pc-lot,0,10,RESET 0->10 (bulk update cluster),true,2026-08-24T05:54:54.372Z
SLC061713097,8 mm Trillion Cabochon Citrine AAA Grade 10 pc Lot,https://www.alphagemstone.com/products/8-mm-trillion-cabochon-citrine-aaa-grade-10-pc-lot,0,10,RESET 0->10 (bulk update cluster),true,2026-08-24T05:54:54.372Z
SLC061713083,8 mm Trillion Cabochon Garnet AAA Grade 10 pc Lot,https://www.alphagemstone.com/products/8-mm-trillion-cabochon-garnet-aaa-grade-10-pc-lot,0,10,RESET 0->10 (bulk update cluster),true,2026-08-24T05:54:54.372Z
SLC061713178,8x5 mm Pear Cabochon Amethyst AAA Grade 10 pc Lot,https://www.alphagemstone.com/products/8x5-mm-pear-cabochon-amethyst-aaa-grade-10-pc-lot,0,10,RESET 0->10 (bulk update cluster),true,2026-08-24T05:54:54.372Z
SLC061713185,8x5 mm Pear Cabochon Citrine AAA Grade 10 pc Lot,https://www.alphagemstone.com/products/8x5-mm-pear-cabochon-citrine-aaa-grade-10-pc-lot,0,10,RESET 0->10 (bulk update cluster),true,2026-08-24T05:54:54.372Z
SLC061713171,8x5 mm Pear Cabochon Garnet AAA Grade 10 pc Lot,https://www.alphagemstone.com/products/8x5-mm-pear-cabochon-garnet-aaa-grade-10-pc-lot,0,10,RESET 0->10 (bulk update cluster),true,2026-08-24T05:54:54.372Z
SLC061713199,8x5 mm Pear Cabochon Peridot AAA Grade 10 pc Lot,https://www.alphagemstone.com/products/8x5-mm-pear-cabochon-peridot-aaa-grade-10-pc-lot,0,10,RESET 0->10 (bulk update cluster),true,2026-08-24T05:54:54.372Z
SLC061713192,8x5 mm Pear Cabochon Rhodolite Garnet AAA Grade 10 pc Lot,https://www.alphagemstone.com/products/8x5-mm-pear-cabochon-rhodolite-garnet-aaa-grade-10-pc-lot,0,10,RESET 0->10 (bulk update cluster),true,2026-08-24T05:54:54.372Z
SLC061713209,8x5 mm Pear Cabochon Swiss Blue Topaz AAA Grade 10 pc Lot,https://www.alphagemstone.com/products/8x5-mm-pear-cabochon-swiss-blue-topaz-aaa-grade-10-pc-lot,0,10,RESET 0->10 (bulk update cluster),true,2026-08-24T05:54:54.372Z
SLC061713062,8x6 mm Emerald Cut (Baguette) Cabochon Amethyst AAA 10 pc Lot,https://www.alphagemstone.com/products/8x6-mm-emerald-cut-baguette-cabochon-amethyst-aaa-10-pc-lot,0,10,RESET 0->10 (bulk update cluster),true,2026-08-24T05:54:54.372Z
SLC061713056,8x6 mm Emerald Cut (Baguette) Cabochon Citrine AAA 10 pc Lot,https://www.alphagemstone.com/products/8x6-mm-emerald-cut-baguette-cabochon-citrine-aaa-10-pc-lot,0,10,RESET 0->10 (bulk update cluster),true,2026-08-24T05:54:54.372Z
SLC061713050,8x6 mm Emerald Cut (Baguette) Cabochon Garnet AAA 10 pc Lot,https://www.alphagemstone.com/products/8x6-mm-emerald-cut-baguette-cabochon-garnet-aaa-10-pc-lot,0,10,RESET 0->10 (bulk update cluster),true,2026-08-24T05:54:54.372Z
SLC061713068,8x6 mm Emerald Cut Cabochon Rhodolite Garnet AAA 10 pc Lot,https://www.alphagemstone.com/products/8x6-mm-emerald-cut-cabochon-rhodolite-garnet-aaa-10-pc-lot,0,10,RESET 0->10 (bulk update cluster),true,2026-08-24T05:54:54.372Z
KLN101712028,8x6 mm Octagon Kunzite AAA Grade 5 Pcs Lot,https://www.alphagemstone.com/products/8x6-mm-octagon-kunzite-aaa-grade-5-pcs-lot,0,10,RESET 0->10 (bulk update cluster),true,2026-08-24T05:54:51.876Z
TAL112514001,8x6 mm Pear Shape Tanzanite 10 piece Lot AA Grade,https://www.alphagemstone.com/products/8x6-mm-pear-shape-tanzanite-10-piece-lot-aa-grade,0,10,RESET 0->10 (bulk update cluster),true,2026-08-24T05:54:54.372Z
SLC061713223,9 mm Heart Cabochon Citrine AAA Grade 10 pc Lot,https://www.alphagemstone.com/products/9-mm-heart-cabochon-citrine-aaa-grade-10-pc-lot,0,10,RESET 0->10 (bulk update cluster),true,2026-08-24T05:54:54.372Z
SLC061713235,9 mm Heart Cabochon Swiss Blue Topaz AAA Grade 10 pc Lot,https://www.alphagemstone.com/products/9-mm-heart-cabochon-swiss-blue-topaz-aaa-grade-10-pc-lot,0,10,RESET 0->10 (bulk update cluster),true,2026-08-24T05:54:54.372Z
SLC061713024,9 mm Sugarloaf (Square Cabochon) Amethyst AAA Grade 10 pc Lot,https://www.alphagemstone.com/products/9-mm-sugarloaf-square-cabochon-amethyst-aaa-grade-10-pc-lot,0,10,RESET 0->10 (bulk update cluster),true,2026-08-24T05:54:54.372Z
SLC061713015,9 mm Sugarloaf (Square Cabochon) Citrine AAA Grade 10 pc Lot,https://www.alphagemstone.com/products/9-mm-sugarloaf-square-cabochon-citrine-aaa-grade-10-pc-lot,0,10,RESET 0->10 (bulk update cluster),true,2026-08-24T05:54:54.372Z
SLC061713098,9 mm Trillion Cabochon Citrine AAA Grade 10 pc Lot,https://www.alphagemstone.com/products/9-mm-trillion-cabochon-citrine-aaa-grade-10-pc-lot,0,10,RESET 0->10 (bulk update cluster),true,2026-08-24T05:54:54.372Z
SLC061713084,9 mm Trillion Cabochon Garnet AAA Grade 10 pc Lot,https://www.alphagemstone.com/products/9-mm-trillion-cabochon-garnet-aaa-grade-10-pc-lot,0,10,RESET 0->10 (bulk update cluster),true,2026-08-24T05:54:54.372Z
SLC061713112,9 mm Trillion Cabochon Madeira Citrine AAA Grade 10 pc Lot,https://www.alphagemstone.com/products/9-mm-trillion-cabochon-madeira-citrine-aaa-grade-10-pc-lot,0,10,RESET 0->10 (bulk update cluster),true,2026-08-24T05:54:54.372Z
G1438083158,93.67 cts. Twt. Golden Sapphire Round 3.5 To 4.0 mm AAA Grade,https://www.alphagemstone.com/products/93-67-cts-twt-golden-sapphire-round-3-5-to-4-0-mm-aaa-grade,0,10,RESET 0->10 (bulk update cluster),true,2026-08-24T05:54:34.878Z
SLC061713186,9x6 mm Pear Cabochon Citrine AAA Grade 10 pc Lot,https://www.alphagemstone.com/products/9x6-mm-pear-cabochon-citrine-aaa-grade-10-pc-lot,0,10,RESET 0->10 (bulk update cluster),true,2026-08-24T05:54:54.372Z
SLC061713172,9x6 mm Pear Cabochon Garnet AAA Grade 10 pc Lot,https://www.alphagemstone.com/products/9x6-mm-pear-cabochon-garnet-aaa-grade-10-pc-lot,0,10,RESET 0->10 (bulk update cluster),true,2026-08-24T05:54:54.372Z
SLC061713193,9x6 mm Pear Cabochon Rhodolite Garnet AAA Grade 10 pc Lot,https://www.alphagemstone.com/products/9x6-mm-pear-cabochon-rhodolite-garnet-aaa-grade-10-pc-lot,0,10,RESET 0->10 (bulk update cluster),true,2026-08-24T05:54:54.372Z
SLC061713210,9x6 mm Pear Cabochon Swiss Blue Topaz AAA Grade 10 pc Lot,https://www.alphagemstone.com/products/9x6-mm-pear-cabochon-swiss-blue-topaz-aaa-grade-10-pc-lot,0,10,RESET 0->10 (bulk update cluster),true,2026-08-24T05:54:54.372Z
SLC061713063,9x7 mm Emerald Cut (Baguette) Cabochon Amethyst AAA 10 pc Lot,https://www.alphagemstone.com/products/9x7-mm-emerald-cut-baguette-cabochon-amethyst-aaa-10-pc-lot,0,10,RESET 0->10 (bulk update cluster),true,2026-08-24T05:54:54.372Z
SLC061713057,9x7 mm Emerald Cut (Baguette) Cabochon Citrine AAA 10 pc Lot,https://www.alphagemstone.com/products/9x7-mm-emerald-cut-baguette-cabochon-citrine-aaa-10-pc-lot,0,10,RESET 0->10 (bulk update cluster),true,2026-08-24T05:54:54.372Z
SLC061713051,9x7 mm Emerald Cut (Baguette) Cabochon Garnet AAA 10 pc Lot,https://www.alphagemstone.com/products/9x7-mm-emerald-cut-baguette-cabochon-garnet-aaa-10-pc-lot,0,10,RESET 0->10 (bulk update cluster),true,2026-08-24T05:54:54.372Z
SLC061713069,9x7 mm Emerald Cut Cabochon Rhodolite Garnet AAA 10 pc Lot,https://www.alphagemstone.com/products/9x7-mm-emerald-cut-cabochon-rhodolite-garnet-aaa-10-pc-lot,0,10,RESET 0->10 (bulk update cluster),true,2026-08-24T05:54:54.372Z
KLN101712013,9x7 mm Octagon Kunzite Super Fine Grade 5 Pcs Lot,https://www.alphagemstone.com/products/9x7-mm-octagon-kunzite-super-fine-grade-5-pcs-lot,0,10,RESET 0->10 (bulk update cluster),true,2026-08-24T05:54:51.876Z
MPG02100901,1 Ct. twt. Multicolor Precious Gems AAA Lot size 1-2 mm,https://www.alphagemstone.com/products/1-ct-twt-multicolor-precious-gems-aaa-lot-size-1-2-mm,0,0,ZERO (current DB value),true,2026-08-24T05:54:44.986Z
DIA062315079,1.5 mm Round Blue Diamond 25 pc Lot SI Clarity,https://www.alphagemstone.com/products/1-5-mm-round-blue-diamond-25-pc-lot-si-clarity,0,0,ZERO (current DB value),true,2026-08-24T05:54:56.451Z
RPL091211081,1.5 mm Round Faceted Emerald 5 piece Lot A Grade,https://www.alphagemstone.com/products/1-5-mm-round-faceted-emerald-5-piece-lot-a-grade,0,0,ZERO (current DB value),true,2026-08-24T05:54:51.876Z
NGR012109220,1.50 ct. Diamond Sapphire Ring in 14k Yellow Gold,https://www.alphagemstone.com/products/1-50-ct-diamond-sapphire-ring-in-14k-yellow-gold,0,0,ZERO (current DB value),true,2026-08-25T19:02:16.684Z
G1961576443,10 Ct Round Cabochon Garnet Lot Size 4 mm AAA Grade,https://www.alphagemstone.com/products/10-ct-round-cabochon-garnet-lot-size-4-mm-aaa-grade,0,0,ZERO (current DB value),true,2026-08-24T05:54:38.141Z
G1443481449,10 Ct Twt Round Yellow Sapphire 1-1.5 mm AAA Grade,https://www.alphagemstone.com/products/10-ct-twt-round-yellow-sapphire-1-1-5-mm-aaa-grade,0,0,ZERO (current DB value),true,2026-08-24T05:54:34.878Z
G1033483878,10 ct. Oval Amethyst Cabochon Lot Size 10x8 mm,https://www.alphagemstone.com/products/10-ct-oval-amethyst-cabochon-lot-size-10x8-mm,0,0,ZERO (current DB value),true,2026-08-24T05:54:34.878Z
DLN100412030,10 ct. P/Cut White Diamond I1/I2 Clarity Lot Size 2.5-3.25 mm,https://www.alphagemstone.com/products/10-ct-p-cut-white-diamond-i1-i2-clarity-lot-size-2-5-3-25-mm,0,0,ZERO (current DB value),true,2026-08-24T05:54:51.876Z
G1443872647,10 Cts. Twt. Round Yellow Sapphire 2-2.5 mm AAA Grade,https://www.alphagemstone.com/products/10-cts-twt-round-yellow-sapphire-2-2-5-mm-aaa-grade,0,0,ZERO (current DB value),true,2026-08-24T05:54:34.878Z
MTZ081214032,10 mm Heart Strawberry Quartz 10 Piece Lot in AAA Grade,https://www.alphagemstone.com/products/10-mm-heart-strawberry-quartz-10-piece-lot-in-aaa-grade,0,0,ZERO (current DB value),true,2026-08-24T05:54:54.372Z
MTZ081214031,10 mm Heart Strawberry Quartz 25 Piece Lot in AAA Grade,https://www.alphagemstone.com/products/10-mm-heart-strawberry-quartz-25-piece-lot-in-aaa-grade,0,0,ZERO (current DB value),true,2026-08-24T05:54:54.372Z
TOP102417003,100 Ct twt Pink Topaz Lot size (1-5 ct),https://www.alphagemstone.com/products/100-ct-twt-pink-topaz-lot-size-1-5-ct,0,0,ZERO (current DB value),true,2026-08-24T05:54:56.451Z
CL08040902,1000 Cts twt. Fancy Moonstone Lot size 1-10 cts,https://www.alphagemstone.com/products/1000-cts-twt-fancy-moonstone-lot-size-1-10-cts,0,0,ZERO (current DB value),true,2026-08-24T05:54:44.986Z
CL03121201,1000 Cts twt. Mixed Emerald Rough Stones Lot size (3-50 cts),https://www.alphagemstone.com/products/1000-cts-twt-mixed-emerald-rough-stones-lot-size-3-50-cts,0,0,ZERO (current DB value),true,2026-08-24T05:54:51.876Z
CL10051107,1000 Cts twt. Mixed Tourmaline Rough Stones Lot size (200-800 ct,https://www.alphagemstone.com/products/1000-cts-twt-mixed-tourmaline-rough-stones-lot-size-200-800-ct,0,0,ZERO (current DB value),true,2026-08-24T05:54:51.876Z
CL021609052,10000 Cts twt. White Cats Eye Moonstone Lot size 1.0-3.0 cts,https://www.alphagemstone.com/products/10000-cts-twt-white-cats-eye-moonstone-lot-size-1-0-3-0-cts,0,0,ZERO (current DB value),true,2026-08-24T05:54:44.986Z
RFBN02082006012,1054 Carats Ruby Faceted Beads Necklace With Gold Clasp,https://www.alphagemstone.com/products/1054-carats-ruby-faceted-beads-necklace-with-gold-clasp,0,0,ZERO (current DB value),true,2026-08-25T19:18:41.515Z
RHE072116055,11.62 Ct Twt Round Emerald Lot Size 2.25-3 mm,https://www.alphagemstone.com/products/11-62-ct-twt-round-emerald-lot-size-2-25-3-mm,0,0,ZERO (current DB value),true,2026-08-24T05:54:56.451Z
MTZ081214034,12 mm Heart Strawberry Quartz 25 Piece Lot in AAA Grade,https://www.alphagemstone.com/products/12-mm-heart-strawberry-quartz-25-piece-lot-in-aaa-grade,0,0,ZERO (current DB value),true,2026-08-24T05:54:54.372Z
SLC061713174,12x8 mm Pear Cabochon Garnet AAA Grade 10 pc Lot,https://www.alphagemstone.com/products/12x8-mm-pear-cabochon-garnet-aaa-grade-10-pc-lot,0,0,ZERO (current DB value),true,2026-08-24T05:54:54.372Z
MTZ081214037,12x8 mm Pear Strawberry Quartz 10 Piece Lot in AAA Grade,https://www.alphagemstone.com/products/12x8-mm-pear-strawberry-quartz-10-piece-lot-in-aaa-grade,0,0,ZERO (current DB value),true,2026-08-24T05:54:54.372Z
RHE072116013,16.84 Ct Twt Marquise Ruby Lot 6x3 mm,https://www.alphagemstone.com/products/16-84-ct-twt-marquise-ruby-lot-6x3-mm,0,0,ZERO (current DB value),true,2026-08-24T05:54:56.451Z
DIA062315076,2 mm Round Blue Diamond 10 pc Lot SI Clarity,https://www.alphagemstone.com/products/2-mm-round-blue-diamond-10-pc-lot-si-clarity,0,0,ZERO (current DB value),true,2026-08-24T05:54:56.451Z
TANN01220905,2.75 ct. Heart Tanzanite in AA Grade,https://www.alphagemstone.com/products/2-75-ct-heart-tanzanite-in-aa-grade,0,0,ZERO (current DB value),true,2026-09-01T08:20:39.923Z
RFBN02082006015,364 Carats Ruby Faceted Beads Necklace,https://www.alphagemstone.com/products/364-carats-ruby-faceted-beads-necklace,0,0,ZERO (current DB value),true,2026-08-25T19:18:41.846Z
SLC061713167,4 mm Bullet Cabochon Iolite AAA Grade 10 pc Lot,https://www.alphagemstone.com/products/4-mm-bullet-cabochon-iolite-aaa-grade-10-pc-lot,0,0,ZERO (current DB value),true,2026-08-24T05:54:54.372Z
CL050509008,5 Carats (0.50-1 Carats) Mixed Emeralds Commercial,https://www.alphagemstone.com/products/5-carats-0-50-1-carats-mixed-emeralds-commercial,0,0,ZERO (current DB value),true,2026-08-24T05:54:44.986Z
RHE072116042,5.24 Ct Twt Baguette Ruby Lot Size 2.5x1.5 mm,https://www.alphagemstone.com/products/5-24-ct-twt-baguette-ruby-lot-size-2-5x1-5-mm,0,0,ZERO (current DB value),true,2026-08-24T05:54:56.451Z
TOP102417004,50 Ct twt Pink Topaz Lot size (1-5 ct),https://www.alphagemstone.com/products/50-ct-twt-pink-topaz-lot-size-1-5-ct,0,0,ZERO (current DB value),true,2026-08-24T05:54:56.451Z
WT11011061,5x3 mm Octagon Faceted White Topaz 10 piece Lot AAA Grade,https://www.alphagemstone.com/products/5x3-mm-octagon-faceted-white-topaz-10-piece-lot-aaa-grade,0,0,ZERO (current DB value),true,2026-08-24T05:54:44.986Z
WT11011062,5x3 mm Octagon Faceted White Topaz 25 piece Lot AAA Grade,https://www.alphagemstone.com/products/5x3-mm-octagon-faceted-white-topaz-25-piece-lot-aaa-grade,0,0,ZERO (current DB value),true,2026-08-24T05:54:44.986Z
WT11011050,5x3 mm Oval Faceted White Topaz 25 piece Lot AAA Grade,https://www.alphagemstone.com/products/5x3-mm-oval-faceted-white-topaz-25-piece-lot-aaa-grade,0,0,ZERO (current DB value),true,2026-08-24T05:54:44.986Z
ONY091316009,6 mm Natural Faceted Black Onyx Bead Strand 15 Inch,https://www.alphagemstone.com/products/6-mm-natural-faceted-black-onyx-bead-strand-15-inch,0,0,ZERO (current DB value),true,2026-08-25T19:20:31.950Z
LBN091316011,6 mm Natural Lapis Lazuli Bead Strand 15 Inch,https://www.alphagemstone.com/products/6-mm-natural-lapis-lazuli-bead-strand-15-inch,0,0,ZERO (current DB value),true,2026-08-25T19:20:32.297Z
KLN101712050,6x4 mm Octagon Kunzite Super Fine Grade 10 Pcs Lot,https://www.alphagemstone.com/products/6x4-mm-octagon-kunzite-super-fine-grade-10-pcs-lot,0,0,ZERO (current DB value),true,2026-08-24T05:54:51.876Z
KLN101712044,6x4 mm Oval Kunzite Super Fine Grade 10 Pcs Lot,https://www.alphagemstone.com/products/6x4-mm-oval-kunzite-super-fine-grade-10-pcs-lot,0,0,ZERO (current DB value),true,2026-08-24T05:54:51.876Z
KLN101712045,6x4 mm Oval Kunzite Super Fine Grade 25 Pcs Lot,https://www.alphagemstone.com/products/6x4-mm-oval-kunzite-super-fine-grade-25-pcs-lot,0,0,ZERO (current DB value),true,2026-08-24T05:54:51.876Z
DIA77,7.42 Cts twt. Blue Diamond Lot size 3.8-4.2 mm(0.20-0.30 cts),https://www.alphagemstone.com/products/7-42-cts-twt-blue-diamond-lot-size-3-8-4-2-mm-0-20-0-30-cts,0,0,ZERO (current DB value),true,2026-08-24T05:54:40.459Z
DIA65,7.9 Cts twt. Blue Diamond Lot size 4.0-4.4 mm(0.25-0.33 cts),https://www.alphagemstone.com/products/7-9-cts-twt-blue-diamond-lot-size-4-0-4-4-mm-0-25-0-33-cts,0,0,ZERO (current DB value),true,2026-08-24T05:54:40.459Z
KLN101712038,7x5 mm Octagon Kunzite Super Fine Grade 10 Pcs Lot,https://www.alphagemstone.com/products/7x5-mm-octagon-kunzite-super-fine-grade-10-pcs-lot,0,0,ZERO (current DB value),true,2026-08-24T05:54:51.876Z
SML081016064,7x5 mm Oval Smoky Quartz 25 Pc Lot AAA Grade,https://www.alphagemstone.com/products/7x5-mm-oval-smoky-quartz-25-pc-lot-aaa-grade,0,0,ZERO (current DB value),true,2026-08-24T05:54:56.451Z
I33,8 Cts. Champagne Diamond I-2 Clarity 0.10-0.25 cts.(lot),https://www.alphagemstone.com/products/8-cts-champagne-diamond-i-2-clarity-0-10-0-25-cts-lot,0,0,ZERO (current DB value),true,2026-08-24T05:54:40.459Z
MTZ081214023,8 mm Antique Cushion Azotic Quartz 25 Piece Lot in AAA Grade,https://www.alphagemstone.com/products/8-mm-antique-cushion-azotic-quartz-25-piece-lot-in-aaa-grade,0,0,ZERO (current DB value),true,2026-08-24T05:54:54.372Z
MTZ081214011,8 mm Antique Cushion Mystic Quartz 5 Piece Lot in AAA Grade,https://www.alphagemstone.com/products/8-mm-antique-cushion-mystic-quartz-5-piece-lot-in-aaa-grade,0,0,ZERO (current DB value),true,2026-08-24T05:54:54.372Z
IF11011048,8x6 mm Oval Faceted Iolite 25 piece Lot AAA Grade,https://www.alphagemstone.com/products/8x6-mm-oval-faceted-iolite-25-piece-lot-aaa-grade,0,0,ZERO (current DB value),true,2026-08-24T05:54:47.623Z
DRL09282014088,9 mm Antique Cushion Mystic Pink Drusy Quartz 25 piece Lot,https://www.alphagemstone.com/products/9-mm-antique-cushion-mystic-pink-drusy-quartz-25-piece-lot,0,0,ZERO (current DB value),true,2026-08-24T05:54:54.372Z
BN092017009,Amethyst Carved Bead Strand 16 Inch,https://www.alphagemstone.com/products/amethyst-carved-bead-strand-16-inch,0,0,ZERO (current DB value),true,2026-08-25T19:20:35.732Z
BN092017008,Amethyst Cube Bead Strand 16 Inch,https://www.alphagemstone.com/products/amethyst-cube-bead-strand-16-inch-2,0,0,ZERO (current DB value),true,2026-08-25T19:20:35.387Z
BN092017010,Blue Topaz Carved Bead Strand 16 Inch,https://www.alphagemstone.com/products/blue-topaz-carved-bead-strand-16-inch,0,0,ZERO (current DB value),true,2026-08-25T19:20:36.088Z
BN092017011,Citrine Carved Bead Strand 16 Inch,https://www.alphagemstone.com/products/citrine-carved-bead-strand-16-inch,0,0,ZERO (current DB value),true,2026-08-25T19:20:36.445Z
BN092017005,Peridot Cube Bead Strand 16 Inch,https://www.alphagemstone.com/products/peridot-cube-bead-strand-16-inch,0,0,ZERO (current DB value),true,2026-08-25T19:20:34.361Z